Service_id,Customer_id,Car_id,Service_date,Service_type,Service_cost
1,1070,55,2024-09-10,Repair,8503.66
2,762,98,2024-11-04,Repair,26900.60
3,893,51,2023-12-24,Inspection,5271.67
4,695,8,2023-01-26,Maintenance,7824.89
5,500,22,2023-05-30,Maintenance,4626.14
6,1156,9,2024-06-26,Maintenance,6501.55
7,215,12,2024-10-30,Maintenance,7431.47
8,208,24,2024-06-19,Maintenance,7995.88
9,398,22,2023-09-16,Maintenance,9387.67
10,1108,38,2024-07-14,Inspection,5326.54
11,839,11,2024-03-24,Inspection,16082.11
12,254,10,2024-01-22,Repair,8650.52
13,90,21,2024-05-06,Inspection,14306.29
14,902,66,2024-07-27,Repair,16716.91
15,86,3,2022-05-29,Inspection,5254.36
16,257,22,2024-12-26,Repair,13906.46
17,706,79,2023-07-11,Repair,6296.50
18,811,82,2023-06-30,Inspection,11929.21
19,835,84,2024-07-15,Maintenance,5776.44
20,278,22,2024-08-17,Maintenance,12320.93
21,832,46,2023-04-13,Maintenance,14764.75
22,105,24,2024-06-20,Inspection,4802.10
23,588,66,2024-04-11,Maintenance,8916.06
24,1080,5,2024-08-09,Maintenance,3378.21
25,242,60,2024-12-02,Maintenance,10607.10
26,199,100,2023-05-19,Maintenance,14897.51
27,1186,18,2024-06-05,Repair,12398.18
28,710,60,2024-03-02,Maintenance,3166.96
29,426,15,2023-12-24,Maintenance,12420.32
30,23,125,2023-03-21,Repair,22976.52
31,58,22,2024-10-06,Repair,10498.82
32,195,73,2024-06-17,Repair,8596.18
33,188,91,2024-12-10,Repair,38476.18
34,882,22,2024-12-10,Maintenance,14964.83
35,1118,54,2023-02-17,Maintenance,4600.97
36,247,23,2023-09-01,Repair,16758.42
37,1198,108,2024-08-02,Maintenance,8707.80
38,716,11,2022-12-18,Maintenance,13268.04
39,408,11,2022-09-04,Maintenance,10968.33
40,304,106,2023-07-08,Maintenance,12699.50
41,74,82,2024-07-19,Maintenance,8726.81
42,1058,76,2023-04-24,Maintenance,5598.75
43,784,28,2024-12-30,Maintenance,2667.32
44,419,24,2023-04-18,Maintenance,5640.57
45,81,68,2022-10-16,Repair,17623.31
46,558,2,2024-03-29,Inspection,4690.84
47,126,36,2024-06-04,Maintenance,8593.44
48,1146,54,2024-09-15,Maintenance,6230.70
49,1135,55,2024-01-04,Maintenance,7399.42
50,450,120,2023-06-17,Maintenance,12225.00
51,139,64,2023-01-01,Inspection,13440.50
52,1165,84,2023-08-06,Repair,12973.22
53,1192,68,2023-10-09,Maintenance,15479.61
54,29,5,2023-11-11,Repair,3896.19
55,1086,52,2023-07-31,Repair,14880.18
56,1136,97,2024-02-26,Maintenance,20100.68
57,1010,49,2024-05-29,Repair,7580.31
58,1075,50,2024-02-17,Repair,11608.40
59,919,60,2024-07-23,Maintenance,8920.58
60,1031,56,2024-09-28,Repair,4629.47
61,504,29,2023-08-26,Maintenance,3590.12
62,508,51,2024-02-18,Maintenance,4226.08
63,803,56,2023-02-20,Maintenance,4084.74
64,824,39,2023-11-26,Repair,13329.02
65,949,8,2024-03-26,Repair,5620.15
66,742,85,2023-01-21,Maintenance,12267.53
67,882,53,2024-02-08,Maintenance,4089.54
68,131,72,2024-12-05,Repair,3145.72
69,841,77,2024-06-16,Maintenance,10624.31
70,618,15,2024-12-05,Repair,5511.22
71,296,80,2024-09-21,Maintenance,15450.93
72,879,17,2024-12-06,Maintenance,2015.15
73,920,24,2024-05-20,Repair,5324.64
74,1120,35,2024-09-26,Maintenance,12462.40
75,571,44,2023-04-21,Maintenance,9850.77
76,359,15,2024-08-31,Inspection,13314.23
77,77,82,2023-12-02,Maintenance,3501.87
78,717,38,2024-08-03,Maintenance,6353.80
79,940,74,2022-12-01,Maintenance,4387.77
80,109,3,2023-02-23,Inspection,2119.03
81,735,55,2024-02-19,Repair,16693.54
82,411,39,2024-08-24,Maintenance,11528.53
83,781,49,2024-07-09,Maintenance,10559.77
84,457,9,2023-10-18,Repair,7665.86
85,893,18,2024-07-28,Maintenance,13657.02
86,531,39,2024-04-11,Repair,7303.20
87,87,82,2024-01-29,Repair,10298.16
88,988,7,2024-10-27,Maintenance,7020.17
89,154,110,2024-04-23,Maintenance,22887.34
90,390,36,2024-01-17,Repair,10394.56
91,743,2,2022-09-30,Repair,4788.03
92,511,3,2023-02-09,Inspection,2017.27
93,143,36,2024-05-21,Repair,5518.51
94,132,30,2023-07-08,Repair,4199.84
95,687,30,2024-08-19,Repair,6828.15
96,265,7,2024-03-19,Repair,4159.92
97,183,79,2024-08-07,Inspection,10690.17
98,991,66,2022-10-03,Maintenance,16921.84
99,61,27,2024-05-25,Maintenance,4330.76
100,935,33,2023-03-03,Maintenance,10588.16
101,966,49,2024-07-30,Maintenance,11069.27
102,342,14,2023-09-18,Inspection,12579.31
103,756,79,2024-07-05,Inspection,4216.84
104,974,22,2023-06-03,Maintenance,11092.14
105,1073,46,2023-06-16,Repair,9123.76
106,418,60,2023-12-12,Maintenance,3569.76
107,467,31,2024-06-28,Maintenance,15062.91
108,64,29,2024-07-20,Maintenance,7754.04
109,518,86,2024-09-02,Maintenance,31500.42
110,589,50,2022-09-20,Maintenance,5600.46
111,91,49,2022-06-21,Repair,10265.74
112,545,79,2024-02-10,Maintenance,5909.17
113,725,40,2024-12-31,Inspection,16145.23
114,182,74,2024-05-23,Repair,6369.36
115,602,16,2022-10-26,Repair,3434.47
116,111,12,2023-12-25,Inspection,10570.65
117,148,33,2024-08-15,Maintenance,8758.34
118,946,81,2024-11-26,Repair,8217.11
119,888,84,2024-09-26,Maintenance,5523.35
120,771,76,2024-08-02,Maintenance,7497.08
121,882,82,2022-10-20,Maintenance,11369.03
122,1028,17,2024-10-18,Repair,3723.46
123,772,5,2022-05-06,Repair,2579.06
124,398,63,2023-07-10,Maintenance,13409.10
125,1019,41,2022-07-09,Maintenance,15706.45
126,593,32,2023-05-17,Repair,6265.19
127,178,93,2024-02-08,Inspection,39917.49
128,1040,74,2024-08-16,Maintenance,9710.58
129,453,37,2024-08-05,Inspection,11522.98
130,88,43,2024-05-22,Maintenance,16671.47
131,731,10,2024-03-09,Maintenance,12363.81
132,796,25,2024-06-13,Repair,7366.39
133,42,107,2023-08-13,Maintenance,31169.08
134,638,8,2024-07-01,Repair,2873.48
135,109,67,2024-04-19,Maintenance,13907.71
136,889,7,2024-11-29,Repair,5014.70
137,111,24,2024-06-11,Repair,4674.66
138,902,100,2023-05-13,Maintenance,33163.78
139,791,40,2023-12-18,Maintenance,7044.59
140,423,51,2024-10-05,Repair,8228.12
141,286,88,2023-05-15,Inspection,17577.42
142,216,24,2023-11-15,Maintenance,4393.61
143,736,79,2022-06-11,Maintenance,10417.30
144,198,32,2024-01-10,Repair,9809.76
145,621,64,2024-10-10,Repair,12998.12
146,77,49,2023-04-01,Inspection,7975.35
147,138,72,2023-06-23,Maintenance,7659.64
148,839,15,2024-05-26,Inspection,16967.16
149,944,6,2024-07-16,Maintenance,5411.70
150,224,61,2023-03-03,Repair,13790.39
151,624,51,2022-10-08,Repair,9669.52
152,97,69,2023-05-20,Maintenance,7243.86
153,651,63,2024-11-13,Maintenance,15561.25
154,801,37,2024-05-17,Maintenance,14545.22
155,635,18,2024-01-14,Maintenance,14359.25
156,206,12,2024-07-31,Maintenance,13304.01
157,7,67,2023-08-23,Maintenance,8661.16
158,1181,43,2024-09-08,Maintenance,13351.88
159,1132,92,2024-06-19,Repair,29374.24
160,765,50,2023-07-17,Maintenance,11806.11
161,267,50,2024-05-11,Maintenance,8803.68
162,1174,61,2023-11-16,Inspection,14345.56
163,357,6,2023-03-17,Repair,10393.45
164,457,84,2024-01-26,Maintenance,17697.78
165,1074,28,2023-06-15,Inspection,6395.02
166,506,90,2024-08-23,Inspection,17547.89
167,175,84,2024-03-05,Maintenance,8833.22
168,75,4,2022-05-12,Maintenance,4010.90
169,387,66,2023-05-10,Maintenance,16505.56
170,839,9,2024-06-12,Inspection,4471.80
171,641,30,2023-08-05,Maintenance,3690.35
172,560,47,2024-09-15,Maintenance,13351.78
173,125,60,2024-05-23,Maintenance,10821.93
174,1165,67,2024-06-28,Repair,11338.81
175,819,73,2023-03-13,Repair,8120.56
176,898,10,2024-07-04,Maintenance,12962.38
177,74,72,2023-10-09,Maintenance,5518.47
178,459,17,2024-06-22,Repair,2327.87
179,766,82,2024-02-28,Maintenance,9587.69
180,1126,97,2023-05-15,Maintenance,27230.38
181,285,46,2024-02-22,Repair,7708.60
182,1181,53,2022-07-20,Maintenance,3646.98
183,809,29,2023-04-04,Maintenance,3302.16
184,815,56,2023-09-02,Maintenance,4544.56
185,132,38,2024-03-06,Inspection,4146.34
186,237,36,2024-12-06,Repair,11435.10
187,230,77,2024-02-19,Repair,9474.39
188,115,68,2024-10-16,Repair,14898.12
189,440,9,2023-12-05,Repair,3713.45
190,538,69,2023-07-21,Maintenance,6508.43
191,493,6,2023-07-15,Repair,10713.07
192,665,17,2024-06-13,Repair,3905.58
193,671,2,2024-12-16,Repair,7380.13
194,794,53,2022-09-29,Maintenance,2191.05
195,821,82,2023-12-12,Maintenance,3180.01
196,104,6,2024-12-14,Maintenance,9068.28
197,322,25,2023-06-09,Maintenance,3892.21
198,341,123,2024-11-24,Maintenance,15601.66
199,1016,62,2023-07-06,Inspection,13872.52
200,293,11,2024-10-03,Maintenance,11070.96
201,391,64,2024-10-19,Inspection,5548.35
202,1070,85,2024-10-28,Maintenance,11228.87
203,865,39,2024-12-02,Repair,13939.70
204,861,81,2024-02-06,Maintenance,6684.05
205,307,21,2023-12-30,Maintenance,13026.85
206,986,82,2024-11-27,Maintenance,10688.09
207,66,121,2023-11-02,Inspection,9200.82
208,651,96,2024-03-05,Maintenance,12341.45
209,393,17,2023-02-03,Repair,4556.40
210,764,57,2024-09-25,Maintenance,10377.23
211,972,69,2024-07-27,Maintenance,7344.61
212,83,118,2024-11-22,Maintenance,28257.71
213,904,32,2023-02-07,Maintenance,5359.22
214,231,23,2024-01-08,Maintenance,13405.67
215,380,82,2023-11-08,Maintenance,3145.36
216,412,21,2023-10-30,Maintenance,13508.93
217,787,45,2023-09-24,Inspection,11871.54
218,567,113,2023-05-19,Inspection,35227.39
219,459,10,2024-09-21,Repair,4377.52
220,660,67,2024-05-12,Maintenance,10767.70
221,19,72,2024-04-29,Repair,6825.79
222,519,63,2024-01-13,Repair,9474.61
223,147,55,2024-05-04,Repair,14024.09
224,634,1,2024-10-05,Repair,6988.87
225,379,13,2024-07-27,Repair,9825.25
226,794,82,2024-04-29,Maintenance,7545.06
227,1073,49,2024-08-10,Inspection,5804.66
228,563,74,2024-05-28,Maintenance,15819.13
229,87,3,2024-09-10,Repair,2077.11
230,845,75,2024-10-18,Maintenance,4592.32
231,613,4,2024-11-17,Repair,7389.53
232,222,58,2024-02-18,Maintenance,11306.28
233,436,9,2024-07-19,Maintenance,8071.42
234,112,116,2024-01-03,Maintenance,19883.19
235,313,51,2023-09-22,Maintenance,4791.68
236,31,51,2024-02-01,Maintenance,8983.39
237,167,125,2023-05-10,Repair,25228.17
238,1051,25,2023-09-26,Repair,7461.32
239,130,49,2024-05-03,Maintenance,6305.01
240,688,40,2022-09-08,Inspection,7476.66
241,289,77,2023-12-10,Maintenance,7663.08
242,457,76,2023-04-14,Maintenance,6291.24
243,135,15,2022-12-20,Repair,7487.09
244,2,10,2024-07-06,Repair,7350.67
245,715,45,2022-09-21,Maintenance,12603.25
246,437,82,2024-05-13,Maintenance,10171.44
247,53,45,2022-07-09,Maintenance,10981.56
248,1189,36,2024-04-10,Repair,5010.47
249,1063,71,2024-05-13,Maintenance,10078.38
250,864,7,2024-03-01,Maintenance,7289.28
251,167,6,2023-05-29,Maintenance,8833.63
252,883,30,2023-06-14,Maintenance,3080.48
253,127,46,2024-05-20,Maintenance,12186.15
254,619,62,2024-08-08,Maintenance,11100.00
255,13,125,2024-07-12,Inspection,35193.94
256,1125,108,2024-06-29,Inspection,38828.46
257,1046,16,2024-10-09,Maintenance,4645.37
258,489,39,2024-08-22,Maintenance,14246.85
259,1068,78,2024-06-24,Inspection,9288.40
260,1165,85,2022-08-07,Maintenance,10136.99
261,403,52,2023-09-19,Maintenance,14552.55
262,754,31,2024-02-17,Maintenance,13946.73
263,740,27,2024-11-19,Repair,4923.21
264,537,8,2023-02-21,Maintenance,7703.04
265,946,24,2022-12-19,Maintenance,6838.49
266,595,83,2023-11-18,Inspection,9724.58
267,1080,38,2024-11-22,Maintenance,7313.67
268,788,22,2024-06-16,Maintenance,14290.67
269,638,24,2023-04-26,Maintenance,5966.80
270,561,39,2024-10-24,Maintenance,8714.48
271,189,59,2024-08-29,Repair,16370.12
272,908,44,2024-02-15,Maintenance,4317.29
273,899,104,2024-01-22,Maintenance,39885.83
274,392,45,2024-10-29,Maintenance,7151.80
275,215,32,2024-10-20,Maintenance,17097.88
276,772,52,2022-08-13,Maintenance,15143.00
277,413,57,2024-07-31,Inspection,5059.84
278,947,75,2024-02-14,Maintenance,16768.39
279,449,103,2024-10-13,Maintenance,13739.15
280,896,17,2024-11-23,Maintenance,2521.77
281,782,69,2024-05-17,Maintenance,3825.92
282,555,71,2024-02-05,Repair,8900.81
283,115,39,2024-10-25,Maintenance,5860.29
284,185,83,2024-03-16,Repair,13953.84
285,863,47,2024-03-24,Maintenance,8661.19
286,497,28,2023-05-19,Inspection,3912.11
287,596,66,2023-09-02,Maintenance,10332.78
288,983,90,2023-07-07,Repair,16102.53
289,1110,29,2024-11-24,Maintenance,6985.85
290,973,28,2024-08-30,Maintenance,2386.34
291,89,78,2024-08-31,Maintenance,6187.70
292,1132,46,2023-01-29,Maintenance,5052.71
293,896,53,2024-11-25,Maintenance,4844.43
294,330,14,2024-01-12,Inspection,9474.21
295,349,34,2022-09-04,Maintenance,8292.04
296,330,5,2024-02-15,Maintenance,5064.52
297,518,107,2024-11-13,Maintenance,21652.06
298,816,33,2024-07-12,Maintenance,11796.04
299,85,41,2024-04-29,Repair,7141.76
300,764,37,2024-10-10,Repair,6705.70
301,292,10,2024-12-14,Repair,13064.89
302,48,49,2024-08-02,Inspection,4627.55
303,403,110,2024-09-07,Maintenance,13719.86
304,736,41,2024-04-05,Maintenance,4194.26
305,498,56,2024-08-27,Repair,10285.17
306,383,50,2024-05-25,Maintenance,11451.92
307,299,85,2024-02-10,Maintenance,4470.77
308,861,55,2024-05-02,Maintenance,16268.47
309,743,78,2024-04-19,Inspection,4156.40
310,372,52,2024-09-18,Maintenance,16233.18
311,1158,13,2023-03-07,Inspection,11160.20
312,96,95,2024-09-03,Maintenance,35241.25
313,1020,57,2023-10-22,Maintenance,17613.64
314,75,24,2024-09-24,Inspection,5160.56
315,744,24,2024-06-11,Repair,8537.62
316,101,58,2023-01-30,Maintenance,9940.36
317,331,82,2024-12-30,Maintenance,11619.54
318,452,48,2024-04-07,Repair,16560.14
319,922,97,2024-11-20,Repair,22054.28
320,934,29,2024-03-22,Maintenance,3161.17
321,1113,38,2024-07-05,Maintenance,4421.94
322,303,31,2024-10-23,Inspection,15826.42
323,956,73,2024-11-07,Repair,8084.69
324,671,122,2022-10-31,Maintenance,21292.52
325,874,36,2024-04-29,Maintenance,6574.02
326,997,61,2024-08-27,Maintenance,16915.47
327,547,90,2024-08-19,Repair,17984.65
328,299,69,2023-08-16,Maintenance,7338.63
329,494,6,2024-08-04,Repair,10578.93
330,1079,57,2024-08-24,Maintenance,10443.56
331,1102,60,2023-09-21,Maintenance,4730.53
332,1128,124,2024-12-08,Repair,39922.21
333,1006,9,2023-08-01,Maintenance,5152.59
334,1129,36,2024-11-04,Maintenance,10364.59
335,593,108,2024-11-20,Maintenance,39739.92
336,995,121,2023-11-07,Maintenance,18663.91
337,1188,1,2023-09-12,Maintenance,4608.71
338,953,67,2024-11-25,Repair,16186.99
339,263,30,2023-10-17,Maintenance,5321.22
340,291,36,2023-01-13,Maintenance,11889.47
341,403,101,2023-05-13,Maintenance,31607.35
342,976,15,2022-04-23,Repair,8722.18
343,541,48,2024-03-12,Maintenance,12340.69
344,884,67,2024-12-05,Maintenance,11991.78
345,388,32,2023-04-13,Maintenance,10721.24
346,1106,79,2024-11-11,Repair,7966.73
347,794,17,2024-08-01,Inspection,3978.51
348,116,25,2024-12-28,Maintenance,7237.46
349,1144,81,2024-03-18,Maintenance,10070.13
350,1124,84,2023-08-22,Inspection,8366.62
351,971,118,2023-10-01,Repair,20921.77
352,536,80,2024-10-31,Inspection,14659.01
353,7,44,2024-10-16,Maintenance,4322.26
354,506,62,2024-08-22,Repair,12537.58
355,506,15,2024-06-22,Maintenance,7677.02
356,890,80,2023-12-04,Repair,12428.72
357,640,22,2024-05-11,Maintenance,14330.06
358,439,19,2023-06-06,Repair,4259.29
359,846,72,2023-04-06,Maintenance,6923.87
360,313,1,2024-12-17,Maintenance,6681.85
361,381,39,2023-10-31,Inspection,5100.76
362,1051,89,2024-08-28,Maintenance,38400.66
363,964,6,2022-06-26,Inspection,5940.57
364,1157,57,2022-05-28,Repair,13810.33
365,915,17,2022-12-24,Inspection,4497.72
366,418,26,2023-06-06,Repair,16353.05
367,899,108,2023-02-07,Maintenance,27822.39
368,1181,75,2024-05-08,Maintenance,14295.70
369,482,84,2024-05-10,Maintenance,4660.69
370,256,36,2023-08-02,Maintenance,6746.68
371,74,29,2024-01-11,Maintenance,5806.87
372,858,1,2024-09-24,Inspection,2447.16
373,920,3,2024-02-09,Inspection,6945.10
374,46,112,2023-01-27,Maintenance,17343.66
375,432,25,2024-01-16,Inspection,7436.11
376,816,38,2023-09-13,Inspection,4229.68
377,742,1,2023-11-17,Repair,6766.32
378,1171,97,2023-08-23,Maintenance,39921.79
379,521,59,2024-12-23,Inspection,15482.23
380,427,27,2024-10-24,Maintenance,3588.37
381,1105,70,2023-08-15,Maintenance,17742.11
382,287,61,2024-12-03,Repair,14044.88
383,300,75,2024-09-21,Inspection,14594.07
384,355,8,2024-02-27,Repair,2588.87
385,1091,79,2024-11-15,Maintenance,9242.51
386,448,68,2023-11-04,Maintenance,13493.48
387,21,72,2023-12-24,Maintenance,7102.97
388,181,71,2023-10-27,Maintenance,17937.20
389,820,1,2022-07-12,Inspection,5088.66
390,1155,21,2023-12-08,Maintenance,15028.16
391,141,80,2024-11-06,Maintenance,15464.50
392,490,69,2022-06-25,Repair,4828.96
393,1088,29,2023-12-24,Maintenance,4457.08
394,571,31,2022-06-17,Maintenance,11287.03
395,442,8,2024-07-02,Inspection,6336.84
396,848,19,2024-12-19,Maintenance,8471.88
397,52,33,2024-10-03,Maintenance,9408.05
398,930,10,2023-04-03,Inspection,11205.88
399,418,79,2023-03-19,Maintenance,9938.64
400,522,67,2022-12-05,Maintenance,5449.43
401,270,22,2023-06-05,Maintenance,7486.09
402,921,29,2024-05-01,Repair,3613.58
403,245,71,2024-09-25,Maintenance,14269.64
404,1179,14,2024-10-20,Maintenance,12570.14
405,1034,5,2024-06-11,Maintenance,4977.52
406,941,4,2024-12-29,Inspection,5090.64
407,138,2,2023-11-26,Maintenance,4056.72
408,1070,112,2024-11-08,Repair,11950.40
409,642,122,2023-03-25,Maintenance,37339.79
410,330,3,2023-11-24,Maintenance,3315.51
411,367,53,2024-12-26,Maintenance,4023.56
412,8,44,2024-11-10,Inspection,6614.64
413,975,81,2023-06-08,Maintenance,8304.03
414,1126,36,2024-05-20,Inspection,4576.94
415,244,69,2023-05-24,Maintenance,5858.90
416,471,118,2024-03-28,Inspection,31372.43
417,784,77,2024-11-19,Repair,9869.68
418,1157,3,2023-07-31,Maintenance,4383.52
419,96,117,2024-03-13,Repair,30404.65
420,117,27,2024-08-13,Inspection,6996.07
421,814,42,2024-07-04,Inspection,12015.96
422,489,49,2024-06-29,Maintenance,8336.60
423,765,38,2023-10-05,Repair,3904.60
424,79,8,2023-03-08,Maintenance,2849.30
425,590,66,2024-12-25,Repair,11486.38
426,309,5,2024-01-11,Repair,7575.07
427,547,9,2023-11-28,Maintenance,4310.48
428,550,84,2024-11-14,Maintenance,5557.00
429,177,29,2024-12-06,Inspection,2823.12
430,814,25,2023-05-21,Inspection,5525.65
431,303,1,2024-06-11,Repair,2395.47
432,257,36,2024-12-26,Repair,5235.01
433,831,68,2023-10-22,Inspection,9198.33
434,79,54,2024-02-25,Repair,13248.31
435,415,27,2024-05-18,Maintenance,5737.70
436,207,74,2024-11-07,Inspection,13741.64
437,516,77,2023-07-15,Maintenance,5751.48
438,142,1,2024-04-22,Maintenance,6717.57
439,202,70,2023-07-03,Maintenance,6660.01
440,1089,12,2024-09-28,Repair,5483.44
441,454,13,2024-12-01,Inspection,8986.53
442,1040,4,2022-11-09,Repair,7060.18
443,146,10,2024-11-02,Maintenance,5800.21
444,719,100,2024-10-14,Maintenance,37113.14
445,304,15,2024-07-12,Maintenance,6970.74
446,807,90,2024-08-30,Inspection,31636.75
447,1000,36,2024-03-24,Maintenance,3357.02
448,1194,72,2024-10-14,Maintenance,7385.11
449,533,69,2024-01-14,Inspection,2770.30
450,311,117,2023-02-04,Maintenance,19806.35
451,1186,24,2024-05-19,Maintenance,4892.10
452,461,39,2024-04-28,Maintenance,11528.15
453,81,74,2024-04-24,Inspection,10243.72
454,1110,59,2024-02-24,Maintenance,4361.30
455,970,82,2023-07-30,Maintenance,3607.49
456,424,65,2024-04-18,Maintenance,4846.25
457,95,78,2024-10-18,Maintenance,6379.79
458,669,114,2024-11-09,Maintenance,20992.44
459,587,104,2023-11-03,Maintenance,20711.69
460,887,76,2023-10-21,Maintenance,5156.49
461,1191,66,2023-04-24,Maintenance,10235.61
462,960,48,2024-01-27,Maintenance,9248.57
463,615,33,2024-03-02,Inspection,12991.06
464,1025,84,2022-10-10,Maintenance,10937.11
465,1029,8,2024-10-05,Maintenance,5767.22
466,795,51,2024-11-12,Maintenance,10264.41
467,804,73,2023-07-20,Maintenance,10187.52
468,863,65,2024-10-08,Maintenance,17561.95
469,612,90,2024-08-20,Repair,32839.14
470,47,69,2023-03-12,Inspection,5526.50
471,625,61,2024-07-07,Maintenance,9346.56
472,1098,49,2023-07-15,Maintenance,8811.62
473,597,9,2024-03-16,Maintenance,8711.89
474,231,24,2024-11-07,Maintenance,11212.81
475,479,27,2023-02-20,Maintenance,2811.48
476,467,5,2022-04-27,Maintenance,2021.17
477,717,111,2022-12-05,Maintenance,20031.72
478,621,84,2024-10-07,Repair,7900.31
479,69,77,2024-05-29,Maintenance,5086.85
480,62,6,2024-07-20,Repair,4447.16
481,406,41,2023-05-22,Maintenance,17859.74
482,90,13,2024-03-20,Maintenance,9914.65
483,520,30,2023-10-08,Maintenance,6608.33
484,282,119,2024-02-05,Maintenance,19239.60
485,557,77,2023-10-18,Repair,11149.27
486,1139,80,2024-11-17,Repair,11528.76
487,1164,74,2022-05-19,Maintenance,17267.01
488,19,7,2023-06-05,Maintenance,2718.92
489,276,77,2024-08-12,Maintenance,10134.16
490,190,72,2024-05-29,Maintenance,2483.69
491,340,31,2024-03-04,Inspection,6512.93
492,265,37,2024-01-21,Repair,13587.43
493,119,22,2023-03-28,Maintenance,7553.17
494,230,122,2023-11-30,Maintenance,23572.42
495,1126,30,2023-05-17,Repair,6642.52
496,764,57,2024-10-23,Inspection,16677.82
497,1186,4,2023-11-28,Maintenance,2198.52
498,925,5,2023-04-03,Maintenance,4184.66
499,1158,53,2023-10-19,Maintenance,3618.56
500,778,45,2024-08-30,Repair,6619.62
501,611,64,2024-09-14,Maintenance,9736.66
502,611,71,2024-01-23,Maintenance,9544.23
503,1199,36,2023-07-24,Maintenance,5228.69
504,682,4,2024-11-20,Inspection,6022.03
505,154,64,2024-02-09,Maintenance,13371.50
506,1187,38,2024-03-04,Maintenance,5895.17
507,503,9,2022-04-12,Maintenance,5386.65
508,1119,12,2023-07-05,Maintenance,9802.11
509,262,25,2023-12-03,Maintenance,10442.62
510,635,51,2023-10-22,Inspection,5468.07
511,698,81,2023-09-26,Repair,11522.10
512,937,15,2024-03-28,Maintenance,16759.78
513,685,73,2023-03-10,Repair,6605.90
514,264,14,2023-10-11,Repair,10879.39
515,929,29,2022-12-20,Maintenance,3071.28
516,154,36,2024-04-03,Maintenance,4176.67
517,935,101,2023-10-07,Maintenance,25662.69
518,397,54,2024-12-28,Inspection,5212.94
519,726,51,2022-12-01,Repair,5325.18
520,974,83,2024-04-29,Inspection,16272.27
521,763,51,2024-05-27,Maintenance,5114.10
522,454,8,2023-08-15,Maintenance,3308.85
523,1038,79,2024-05-21,Repair,6501.55
524,862,79,2024-01-02,Repair,11501.04
525,962,46,2023-03-22,Repair,4353.42
526,510,55,2023-09-21,Repair,6823.99
527,229,11,2024-11-26,Maintenance,4080.18
528,245,33,2024-12-02,Repair,15224.13
529,1019,4,2023-05-22,Maintenance,3732.10
530,1200,61,2022-11-30,Maintenance,12832.03
531,885,118,2024-08-21,Maintenance,26258.49
532,1077,38,2023-07-08,Maintenance,6373.61
533,575,122,2024-03-11,Repair,17900.00
534,1000,72,2023-04-23,Maintenance,5702.36
535,599,18,2024-12-29,Inspection,9830.27
536,785,11,2024-07-24,Maintenance,15464.03
537,507,59,2023-08-29,Maintenance,12749.59
538,707,24,2024-12-01,Repair,5418.19
539,730,24,2023-06-30,Maintenance,8420.64
540,663,25,2024-07-29,Repair,9333.64
541,681,5,2022-08-06,Maintenance,7980.02
542,1160,2,2024-09-28,Repair,5711.00
543,42,23,2024-01-07,Inspection,10196.26
544,603,30,2023-09-22,Maintenance,7932.13
545,235,60,2024-05-29,Repair,11632.10
546,722,32,2023-06-09,Maintenance,9965.34
547,1166,107,2024-12-18,Maintenance,35002.69
548,6,36,2024-04-01,Repair,9121.78
549,617,5,2023-04-12,Maintenance,3159.85
550,93,15,2023-09-29,Maintenance,9594.61
551,839,78,2023-07-03,Inspection,10056.84
552,24,9,2024-05-08,Maintenance,9636.73
553,208,43,2024-04-18,Maintenance,17146.39
554,785,124,2024-04-08,Inspection,21198.67
555,140,82,2022-12-22,Repair,6404.15
556,821,61,2024-06-03,Maintenance,15865.65
557,956,10,2023-08-01,Repair,13518.16
558,1076,9,2024-11-27,Maintenance,6868.43
559,899,54,2024-07-01,Maintenance,16609.55
560,969,4,2023-03-11,Maintenance,2787.14
561,482,80,2024-04-08,Maintenance,6685.19
562,318,1,2024-12-19,Repair,4662.54
563,622,18,2022-11-27,Maintenance,12272.90
564,926,73,2024-05-22,Maintenance,11085.63
565,382,51,2022-09-24,Repair,5826.66
566,178,8,2023-03-19,Maintenance,6391.19
567,121,90,2024-09-10,Maintenance,10491.16
568,1185,110,2024-07-10,Inspection,14259.08
569,531,79,2024-03-30,Maintenance,10844.69
570,419,79,2024-04-21,Maintenance,11095.11
571,847,51,2024-10-18,Maintenance,11675.28
572,888,76,2024-09-21,Maintenance,5869.81
573,474,60,2024-08-15,Repair,11363.24
574,103,9,2024-11-25,Maintenance,8156.13
575,1176,67,2024-06-14,Maintenance,5193.89
576,327,36,2023-03-24,Repair,5721.94
577,219,41,2023-03-15,Repair,16889.04
578,675,16,2024-09-24,Maintenance,3744.72
579,371,4,2023-09-06,Maintenance,3912.30
580,852,79,2022-06-05,Maintenance,9013.72
581,1044,9,2023-09-27,Maintenance,5336.95
582,756,49,2023-09-11,Maintenance,4566.72
583,648,83,2024-10-25,Maintenance,15987.71
584,344,48,2024-10-19,Inspection,9966.58
585,1102,35,2022-12-07,Maintenance,6375.85
586,779,4,2024-06-24,Maintenance,4662.74
587,992,82,2024-06-27,Maintenance,5320.62
588,891,4,2023-12-21,Maintenance,5829.12
589,897,9,2024-08-24,Inspection,5935.84
590,255,9,2024-06-16,Repair,9354.02
591,957,35,2022-07-21,Repair,16222.65
592,589,54,2023-08-30,Maintenance,10160.10
593,377,15,2023-06-07,Repair,17072.49
594,766,45,2024-03-01,Maintenance,14237.39
595,712,66,2024-10-08,Repair,14580.29
596,510,8,2023-02-12,Maintenance,7950.29
597,11,83,2023-07-29,Repair,9025.06
598,839,18,2024-10-17,Maintenance,16348.59
599,276,60,2024-07-28,Maintenance,6526.28
600,559,17,2023-09-07,Maintenance,4441.91
601,68,60,2024-04-08,Repair,7153.13
602,237,113,2024-07-04,Inspection,38886.51
603,549,41,2024-04-08,Inspection,12476.93
604,719,47,2024-12-26,Maintenance,11035.74
605,74,58,2023-07-30,Repair,15229.65
606,163,57,2024-01-20,Maintenance,12790.21
607,347,31,2024-12-24,Maintenance,7070.75
608,550,93,2024-07-20,Repair,10279.29
609,386,6,2024-02-22,Maintenance,10583.71
610,888,24,2024-11-18,Maintenance,3296.95
611,367,109,2023-10-22,Maintenance,30136.79
612,1055,87,2023-08-19,Maintenance,37468.91
613,951,25,2024-09-02,Inspection,10104.18
614,781,63,2024-11-03,Maintenance,13339.42
615,399,45,2024-08-02,Maintenance,14731.75
616,827,37,2022-03-23,Maintenance,15571.90
617,583,50,2023-12-09,Maintenance,3375.80
618,824,14,2024-04-05,Repair,6141.16
619,841,5,2024-11-22,Maintenance,6542.38
620,606,10,2023-02-17,Maintenance,8982.55
621,111,15,2023-08-19,Maintenance,16640.27
622,788,2,2024-06-19,Maintenance,4220.86
623,534,60,2023-03-18,Maintenance,3251.23
624,930,82,2023-12-20,Maintenance,11354.37
625,33,50,2024-11-06,Repair,10410.09
626,872,85,2024-01-03,Maintenance,16482.74
627,844,77,2024-12-03,Repair,9416.50
628,224,2,2023-10-08,Repair,2535.17
629,212,2,2024-01-10,Maintenance,6739.20
630,210,12,2023-01-09,Maintenance,14419.79
631,797,37,2023-09-08,Inspection,13559.90
632,760,16,2023-07-09,Inspection,6221.25
633,643,5,2024-12-04,Inspection,5753.32
634,411,30,2024-03-13,Inspection,5990.91
635,391,90,2024-11-08,Inspection,22761.78
636,1168,3,2023-07-19,Maintenance,7689.07
637,738,16,2023-05-12,Inspection,7983.35
638,78,94,2024-07-01,Maintenance,36248.07
639,242,47,2023-10-31,Maintenance,4893.71
640,850,68,2023-05-13,Maintenance,16738.72
641,530,57,2024-06-08,Repair,17716.43
642,796,1,2024-11-07,Repair,5013.19
643,275,95,2023-08-24,Repair,23196.30
644,558,34,2024-01-15,Repair,4621.48
645,200,64,2024-12-25,Maintenance,10709.60
646,1168,125,2024-02-24,Maintenance,15537.79
647,308,69,2024-07-06,Repair,7518.06
648,1147,40,2024-12-28,Repair,14654.24
649,451,85,2023-11-07,Maintenance,12070.75
650,44,61,2024-05-09,Repair,17479.84
651,72,73,2024-04-19,Maintenance,4381.06
652,1091,19,2024-09-03,Maintenance,16648.57
653,974,39,2023-09-25,Maintenance,8340.61
654,864,17,2023-01-07,Maintenance,6791.23
655,261,52,2024-04-12,Inspection,13499.31
656,62,53,2024-05-21,Maintenance,5673.77
657,278,36,2024-05-24,Inspection,8373.00
658,1142,9,2022-12-21,Inspection,4879.23
659,878,18,2024-07-16,Repair,12958.66
660,1004,14,2022-05-26,Inspection,16727.41
661,643,28,2024-11-20,Maintenance,3960.39
662,937,19,2023-01-13,Maintenance,10486.31
663,870,63,2023-08-03,Maintenance,17046.44
664,783,1,2024-11-29,Repair,4093.70
665,661,50,2024-08-09,Maintenance,8500.42
666,70,117,2024-03-10,Maintenance,11156.93
667,390,29,2023-12-27,Inspection,4085.72
668,965,43,2023-11-26,Inspection,9568.66
669,142,22,2024-09-23,Inspection,8566.36
670,262,73,2023-10-28,Inspection,5051.19
671,134,31,2024-11-14,Maintenance,15843.60
672,319,71,2023-08-09,Maintenance,9843.90
673,884,42,2024-10-03,Maintenance,8364.27
674,424,77,2024-05-14,Inspection,5909.32
675,182,10,2024-08-27,Repair,9695.67
676,926,89,2024-02-28,Maintenance,31350.29
677,610,107,2023-11-01,Repair,26748.72
678,360,24,2023-12-02,Maintenance,7107.31
679,222,47,2024-04-11,Maintenance,12544.98
680,937,76,2022-09-24,Maintenance,3796.42
681,631,6,2024-10-27,Maintenance,7564.96
682,656,12,2024-08-06,Maintenance,9845.42
683,728,79,2024-12-04,Repair,8754.58
684,1090,7,2022-09-29,Repair,6652.47
685,1068,23,2023-08-02,Maintenance,15481.53
686,29,110,2024-02-08,Maintenance,31006.07
687,320,34,2024-12-30,Inspection,12820.63
688,273,20,2024-11-13,Inspection,7861.18
689,64,73,2024-06-02,Repair,12848.91
690,1018,79,2024-03-28,Maintenance,8645.84
691,256,49,2024-01-10,Inspection,11300.23
692,900,76,2024-05-25,Maintenance,6077.30
693,108,1,2024-11-29,Maintenance,2394.46
694,308,39,2024-11-19,Maintenance,7491.99
695,931,27,2024-10-20,Maintenance,3432.90
696,120,61,2022-09-19,Inspection,4753.18
697,691,49,2024-08-06,Maintenance,8716.00
698,515,48,2024-11-27,Maintenance,7768.67
699,423,43,2024-07-31,Maintenance,14871.59
700,390,79,2023-03-09,Maintenance,9618.61
701,635,27,2023-09-27,Repair,5053.55
702,220,56,2023-05-31,Maintenance,16967.06
703,114,77,2022-08-26,Maintenance,7924.71
704,1092,6,2024-03-25,Maintenance,6011.35
705,882,61,2023-03-19,Maintenance,15688.79
706,276,114,2024-08-15,Maintenance,8948.16
707,357,38,2024-02-27,Maintenance,3267.53
708,839,22,2024-08-22,Maintenance,15034.51
709,994,28,2024-12-28,Maintenance,5527.80
710,815,22,2023-10-02,Maintenance,4862.24
711,294,85,2023-12-01,Inspection,9822.01
712,512,44,2023-07-30,Maintenance,10089.47
713,238,66,2023-02-20,Maintenance,5741.86
714,80,16,2023-06-22,Maintenance,5948.13
715,1139,102,2024-01-03,Inspection,30671.05
716,596,41,2024-05-14,Repair,7652.90
717,87,59,2024-07-25,Inspection,13246.25
718,915,29,2023-12-23,Inspection,6169.94
719,293,15,2024-04-06,Maintenance,14296.60
720,1100,10,2023-06-14,Maintenance,5239.94
721,43,16,2024-02-14,Maintenance,5660.63
722,525,4,2024-03-16,Repair,3652.91
723,759,53,2024-03-28,Repair,5019.34
724,911,82,2024-01-23,Maintenance,10316.97
725,313,73,2022-12-19,Repair,17265.13
726,705,84,2023-09-15,Inspection,6534.69
727,504,60,2023-09-28,Maintenance,9446.77
728,744,69,2024-10-09,Maintenance,6669.82
729,370,36,2024-10-03,Maintenance,4002.68
730,339,21,2024-07-10,Inspection,12276.86
731,341,65,2023-08-02,Maintenance,6296.88
732,89,55,2022-07-24,Maintenance,11548.45
733,82,80,2023-06-25,Repair,10890.72
734,1173,2,2024-01-12,Inspection,7444.89
735,410,54,2023-11-20,Repair,13900.93
736,619,32,2024-07-20,Inspection,11287.78
737,189,24,2024-04-30,Repair,8653.54
738,742,64,2024-10-20,Maintenance,9858.38
739,765,111,2023-07-14,Repair,20332.01
740,319,2,2024-04-13,Repair,5084.94
741,501,35,2023-02-13,Maintenance,14850.57
742,15,82,2024-04-03,Maintenance,4917.76
743,601,20,2023-08-17,Maintenance,7433.34
744,637,4,2023-07-10,Repair,3537.72
745,296,70,2024-12-23,Maintenance,4378.82
746,233,15,2024-12-25,Maintenance,17166.98
747,402,79,2024-10-12,Maintenance,9617.58
748,857,27,2024-10-04,Maintenance,5952.28
749,123,36,2024-05-21,Inspection,9109.99
750,1078,46,2024-08-23,Maintenance,12215.21
751,210,40,2022-09-28,Inspection,8214.79
752,498,49,2024-05-29,Maintenance,3613.99
753,884,22,2024-02-14,Repair,16423.33
754,1114,81,2023-05-02,Maintenance,8452.03
755,993,64,2024-03-12,Inspection,7500.03
756,1183,59,2023-09-25,Repair,7326.34
757,370,50,2024-10-26,Maintenance,7493.25
758,820,64,2023-01-14,Maintenance,10771.98
759,233,48,2023-11-06,Inspection,7519.03
760,841,4,2023-01-18,Inspection,7824.14
761,1091,85,2024-07-10,Maintenance,7850.76
762,370,69,2023-07-01,Repair,7847.94
763,119,88,2024-01-31,Maintenance,10202.85
764,640,51,2024-05-06,Inspection,3467.62
765,1154,25,2024-06-19,Inspection,8437.18
766,130,115,2023-10-25,Repair,19930.39
767,715,119,2023-08-27,Inspection,14054.07
768,804,79,2024-11-28,Inspection,10070.20
769,132,96,2023-03-06,Maintenance,16996.71
770,719,73,2024-08-30,Maintenance,8853.32
771,972,70,2024-12-22,Maintenance,13939.99
772,112,18,2024-06-22,Maintenance,6538.82
773,899,71,2023-12-05,Repair,5888.64
774,10,25,2022-12-28,Maintenance,8294.08
775,12,36,2023-03-22,Repair,8074.54
776,643,78,2024-04-07,Maintenance,12756.24
777,1157,8,2022-11-16,Maintenance,3662.18
778,348,78,2022-04-14,Inspection,12580.72
779,607,75,2024-06-23,Repair,9266.52
780,786,16,2022-06-08,Maintenance,5932.00
781,424,22,2024-04-17,Maintenance,11038.17
782,1,93,2022-12-08,Repair,36957.15
783,61,81,2024-05-27,Inspection,10043.44
784,563,27,2023-11-30,Maintenance,5018.73
785,221,22,2023-09-23,Maintenance,12728.81
786,1200,114,2023-05-09,Maintenance,28112.29
787,1163,60,2023-09-30,Repair,11405.88
788,918,61,2023-04-25,Repair,9679.66
789,502,120,2022-10-27,Repair,16833.44
790,238,52,2023-11-13,Maintenance,5639.88
791,816,50,2023-11-05,Maintenance,7242.15
792,1079,2,2022-11-01,Repair,7161.63
793,36,36,2023-09-13,Maintenance,11381.48
794,923,101,2024-11-06,Maintenance,33534.80
795,619,58,2024-07-26,Maintenance,9125.43
796,1016,32,2023-05-15,Inspection,5500.17
797,563,26,2024-09-27,Repair,15945.83
798,278,9,2022-07-23,Repair,8973.90
799,300,31,2024-12-14,Repair,6159.23
800,1048,6,2024-03-21,Repair,10040.96
801,121,23,2024-08-20,Maintenance,16092.78
802,601,40,2024-02-02,Maintenance,15221.26
803,929,103,2024-10-12,Maintenance,33975.84
804,380,39,2023-10-22,Maintenance,12332.35
805,662,28,2022-11-11,Maintenance,6487.24
806,672,8,2024-10-05,Repair,7865.04
807,910,50,2023-09-23,Repair,11203.60
808,768,51,2023-09-25,Maintenance,8292.36
809,687,75,2023-10-14,Inspection,14585.80
810,220,22,2024-10-29,Repair,12363.20
811,838,24,2023-08-31,Maintenance,7049.05
812,1023,25,2024-06-12,Repair,10577.66
813,234,8,2023-09-05,Inspection,6821.62
814,161,100,2022-07-16,Repair,9484.40
815,875,49,2023-11-13,Inspection,8095.37
816,477,3,2023-10-30,Maintenance,5835.09
817,744,24,2024-05-29,Repair,6125.62
818,860,53,2024-08-04,Inspection,2364.83
819,590,60,2023-03-07,Maintenance,7605.53
820,438,74,2024-03-22,Inspection,17804.51
821,1068,49,2023-06-25,Maintenance,7035.00
822,388,78,2024-05-14,Maintenance,8892.18
823,884,123,2023-05-25,Maintenance,35140.62
824,1123,24,2024-02-28,Maintenance,7636.18
825,1008,57,2023-04-28,Repair,13698.95
826,1067,66,2024-09-20,Maintenance,15228.86
827,299,32,2022-08-25,Maintenance,5497.89
828,1182,30,2023-12-20,Maintenance,6666.37
829,87,9,2024-03-20,Maintenance,10707.06
830,552,9,2024-03-02,Maintenance,8064.16
831,832,22,2023-04-13,Maintenance,5477.02
832,405,73,2024-08-22,Inspection,9154.14
833,949,3,2024-06-13,Maintenance,4105.19
834,863,24,2023-02-03,Maintenance,5211.17
835,149,79,2022-12-18,Repair,5805.87
836,885,9,2024-08-20,Inspection,4419.43
837,1063,2,2023-11-03,Maintenance,3968.65
838,436,82,2023-11-29,Repair,9570.05
839,778,103,2022-12-11,Repair,10924.59
840,154,12,2024-05-29,Inspection,10783.54
841,1197,17,2024-07-13,Maintenance,5546.36
842,494,81,2023-12-21,Maintenance,17595.39
843,501,122,2023-06-29,Maintenance,27507.76
844,117,6,2024-08-03,Repair,11725.29
845,140,13,2022-06-18,Maintenance,10467.29
846,931,20,2023-05-03,Maintenance,13646.86
847,234,9,2024-05-22,Repair,3843.76
848,664,101,2024-07-17,Maintenance,8207.14
849,947,18,2022-05-09,Inspection,14504.13
850,233,22,2024-08-13,Maintenance,7054.48
851,561,82,2022-11-21,Repair,11698.38
852,149,58,2023-02-05,Maintenance,11928.09
853,293,19,2023-12-06,Maintenance,16822.51
854,100,54,2022-12-17,Repair,17730.26
855,802,15,2023-03-01,Maintenance,17161.92
856,226,24,2022-12-26,Maintenance,6265.21
857,94,24,2024-06-21,Inspection,7561.83
858,371,53,2022-11-20,Repair,7389.46
859,143,5,2024-06-17,Maintenance,3808.54
860,315,6,2023-11-30,Maintenance,11311.95
861,621,91,2024-12-27,Maintenance,38861.12
862,935,102,2024-01-07,Maintenance,18602.71
863,487,125,2023-08-07,Repair,36164.31
864,220,17,2024-09-17,Maintenance,4513.58
865,720,97,2024-02-23,Repair,22814.27
866,752,51,2024-02-24,Inspection,10594.78
867,536,5,2024-04-11,Maintenance,6141.23
868,1181,4,2024-08-13,Maintenance,4697.68
869,618,60,2024-06-07,Repair,9710.04
870,495,8,2024-12-20,Repair,7527.05
871,305,32,2022-11-06,Maintenance,16803.03
872,833,51,2024-10-31,Maintenance,4571.71
873,223,7,2024-07-22,Inspection,3871.32
874,651,88,2023-04-24,Maintenance,23768.18
875,623,77,2023-05-29,Inspection,11886.85
876,752,85,2023-07-01,Maintenance,16730.01
877,1171,71,2023-02-09,Repair,15413.12
878,708,8,2022-12-18,Repair,5011.91
879,783,23,2024-07-11,Inspection,10499.66
880,422,7,2024-11-25,Maintenance,4265.72
881,752,82,2024-04-02,Maintenance,4152.81
882,498,78,2023-11-11,Inspection,13640.30
883,549,66,2023-06-18,Repair,14213.55
884,423,4,2023-09-11,Repair,4494.30
885,320,25,2024-11-23,Inspection,4549.81
886,422,16,2024-07-20,Maintenance,3997.40
887,720,30,2024-09-05,Maintenance,2971.47
888,233,57,2024-09-02,Maintenance,14785.11
889,428,79,2023-01-24,Maintenance,11758.75
890,980,64,2022-02-13,Repair,7258.65
891,487,14,2024-11-24,Maintenance,16602.75
892,481,10,2022-11-30,Inspection,16273.08
893,1177,108,2024-05-26,Maintenance,11454.57
894,206,31,2023-09-15,Maintenance,12533.76
895,902,19,2023-10-25,Maintenance,16254.26
896,726,77,2024-08-21,Repair,4817.93
897,144,43,2022-08-06,Maintenance,10148.40
898,892,29,2023-09-13,Repair,7631.27
899,1085,13,2023-06-07,Maintenance,15969.43
900,121,6,2023-02-17,Maintenance,5027.58
901,551,41,2023-08-22,Maintenance,6044.50
902,642,59,2022-06-01,Maintenance,11366.01
903,532,22,2024-04-21,Maintenance,9840.54
904,1133,18,2023-01-07,Maintenance,5108.25
905,745,32,2024-10-23,Inspection,16318.75
906,733,103,2022-12-22,Maintenance,39256.53
907,14,36,2023-02-20,Maintenance,3276.64
908,680,81,2022-12-06,Maintenance,16440.54
909,802,118,2024-12-28,Repair,36965.04
910,32,14,2024-07-15,Maintenance,13921.49
911,29,73,2024-04-19,Inspection,16209.02
912,408,67,2023-10-12,Maintenance,11807.05
913,717,41,2023-03-09,Maintenance,17281.02
914,681,22,2023-09-27,Maintenance,12499.71
915,215,120,2024-11-02,Repair,33523.53
916,55,36,2023-06-18,Maintenance,11439.82
917,841,1,2022-11-26,Maintenance,5549.31
918,246,69,2024-02-06,Maintenance,6801.26
919,106,2,2024-09-10,Maintenance,6220.78
920,521,24,2024-10-29,Maintenance,10646.29
921,422,49,2024-11-24,Repair,11365.13
922,405,5,2024-09-24,Maintenance,4107.48
923,779,67,2023-03-09,Inspection,9169.25
924,1111,83,2024-08-24,Maintenance,7054.75
925,137,22,2024-02-07,Maintenance,14071.50
926,1119,19,2023-08-30,Inspection,14333.25
927,283,29,2022-10-18,Maintenance,6002.21
928,839,46,2022-10-01,Inspection,15652.30
929,1200,3,2023-03-24,Maintenance,3854.15
930,198,59,2024-09-27,Repair,17045.34
931,707,79,2024-12-29,Maintenance,6136.86
932,318,15,2024-12-15,Repair,8897.41
933,611,78,2024-01-28,Maintenance,6226.69
934,681,38,2023-08-07,Repair,6672.47
935,365,24,2022-03-07,Maintenance,8547.48
936,261,60,2024-12-04,Maintenance,4378.53
937,953,18,2024-09-11,Repair,13202.34
938,892,53,2024-07-06,Repair,4302.97
939,622,66,2023-03-06,Inspection,11651.32
940,907,61,2024-01-14,Maintenance,9885.20
941,982,3,2022-06-30,Maintenance,6540.70
942,1064,6,2024-01-03,Maintenance,10587.28
943,513,45,2024-04-05,Maintenance,14989.43
944,938,46,2024-04-02,Repair,13586.38
945,578,22,2023-01-14,Maintenance,5245.54
946,634,25,2024-10-28,Inspection,10528.68
947,136,56,2024-11-02,Repair,13382.23
948,1114,49,2024-11-25,Maintenance,11313.68
949,1178,53,2024-05-02,Maintenance,4021.55
950,893,54,2024-12-17,Maintenance,13075.54
951,320,108,2023-08-16,Maintenance,11106.93
952,177,7,2023-10-28,Repair,6711.58
953,156,26,2023-05-25,Maintenance,14284.35
954,704,83,2024-04-28,Maintenance,4780.84
955,491,28,2022-02-26,Maintenance,7931.04
956,415,50,2024-05-31,Maintenance,6214.11
957,358,95,2023-09-18,Repair,9512.10
958,535,43,2024-05-29,Inspection,14293.48
959,663,36,2023-09-25,Maintenance,3965.66
960,101,17,2023-02-06,Maintenance,7027.00
961,779,57,2023-06-20,Maintenance,6944.90
962,344,1,2024-10-10,Maintenance,6118.39
963,456,117,2022-12-20,Maintenance,14935.39
964,254,8,2024-12-29,Maintenance,2870.57
965,1013,56,2024-01-27,Maintenance,15984.02
966,368,63,2022-11-02,Repair,8654.61
967,287,14,2024-03-05,Maintenance,10392.40
968,290,2,2023-12-29,Maintenance,4637.22
969,936,20,2023-07-15,Repair,12359.42
970,193,79,2024-10-15,Maintenance,4512.50
971,281,111,2024-06-13,Maintenance,31982.87
972,95,98,2023-08-03,Repair,35063.99
973,542,122,2023-07-22,Repair,18436.99
974,673,47,2024-07-19,Maintenance,8824.83
975,584,113,2024-05-25,Maintenance,10970.49
976,209,40,2024-11-30,Maintenance,9934.02
977,1030,8,2024-12-07,Repair,3017.04
978,991,34,2023-09-13,Maintenance,9787.71
979,653,8,2023-09-15,Repair,6705.27
980,200,27,2024-10-16,Repair,4840.34
981,1120,56,2024-08-27,Maintenance,8221.31
982,51,49,2024-05-18,Maintenance,7849.61
983,1177,85,2023-09-03,Repair,17728.22
984,965,5,2023-09-17,Inspection,5060.62
985,1119,103,2023-02-25,Inspection,19243.56
986,712,41,2024-08-03,Repair,14698.06
987,879,60,2024-07-26,Maintenance,6763.11
988,943,32,2024-10-28,Maintenance,8104.18
989,527,27,2022-10-17,Repair,6465.60
990,209,78,2024-10-13,Maintenance,15637.20
991,564,51,2022-11-20,Maintenance,9524.53
992,788,50,2023-07-05,Maintenance,4413.00
993,98,83,2024-07-05,Maintenance,16138.14
994,484,30,2023-11-28,Inspection,4921.96
995,337,9,2023-06-26,Inspection,11063.94
996,1051,77,2024-11-19,Inspection,9744.12
997,566,71,2022-06-16,Inspection,7049.70
998,89,16,2023-05-19,Maintenance,5066.85
999,616,19,2024-11-28,Repair,14218.48
1000,522,13,2022-10-26,Repair,4150.71
1001,631,50,2024-01-26,Repair,11515.60
1002,692,80,2024-11-22,Maintenance,16683.47
1003,661,56,2023-02-12,Maintenance,11007.99
1004,555,42,2024-04-26,Maintenance,10679.25
1005,475,77,2023-10-08,Maintenance,11657.40
1006,320,79,2023-06-30,Inspection,8300.15
1007,965,65,2024-10-18,Maintenance,8960.91
1008,238,66,2024-08-31,Maintenance,16765.62
1009,241,67,2024-03-01,Inspection,9494.75
1010,226,67,2023-11-02,Repair,4292.25
1011,1024,107,2022-07-06,Maintenance,39873.23
1012,152,102,2022-07-15,Repair,32156.99
1013,65,46,2023-06-09,Maintenance,17978.35
1014,403,7,2023-08-02,Maintenance,4858.32
1015,301,79,2024-07-23,Maintenance,10765.94
1016,1184,120,2024-08-19,Maintenance,38140.39
1017,391,62,2024-10-26,Repair,14818.81
1018,382,47,2023-12-20,Maintenance,4978.04
1019,144,50,2022-12-16,Repair,8730.11
1020,348,79,2023-11-27,Maintenance,3614.21
1021,739,85,2023-11-19,Maintenance,6763.30
1022,617,68,2024-02-14,Maintenance,15689.18
1023,630,9,2024-01-11,Inspection,11210.26
1024,628,41,2024-07-19,Inspection,8365.37
1025,441,35,2022-09-09,Inspection,10316.29
1026,422,36,2024-06-18,Inspection,10183.97
1027,84,8,2024-02-01,Maintenance,2894.62
1028,813,79,2023-08-13,Repair,7613.18
1029,780,45,2023-08-10,Maintenance,14635.01
1030,682,67,2024-09-06,Maintenance,17267.88
1031,1102,125,2023-03-07,Repair,34100.71
1032,1008,17,2023-12-03,Maintenance,2485.44
1033,455,116,2024-01-23,Inspection,31425.29
1034,117,46,2024-09-11,Repair,6012.80
1035,330,73,2024-12-22,Maintenance,9452.78
1036,916,46,2024-11-10,Inspection,8465.81
1037,1189,51,2022-11-08,Maintenance,7358.12
1038,257,82,2024-12-29,Inspection,6901.41
1039,972,25,2024-11-17,Maintenance,9266.67
1040,144,68,2023-10-31,Repair,4921.68
1041,90,66,2022-08-08,Maintenance,14098.38
1042,831,69,2024-08-29,Repair,2761.75
1043,214,47,2023-11-25,Maintenance,8285.18
1044,793,85,2024-03-10,Inspection,4001.09
1045,1026,76,2023-11-27,Maintenance,6528.29
1046,540,104,2024-07-16,Inspection,18895.56
1047,1192,15,2024-09-15,Maintenance,14256.17
1048,91,56,2023-10-06,Maintenance,12431.07
1049,810,10,2022-12-20,Maintenance,5977.08
1050,223,45,2024-09-29,Maintenance,13074.41
1051,809,43,2024-12-08,Inspection,15095.50
1052,411,36,2024-08-19,Maintenance,9242.86
1053,903,31,2023-04-22,Maintenance,7649.25
1054,567,6,2024-06-26,Repair,4160.69
1055,1054,51,2023-06-11,Repair,3684.23
1056,34,36,2024-08-14,Repair,10179.76
1057,1050,84,2023-06-03,Maintenance,14347.58
1058,1043,36,2024-11-16,Maintenance,8935.47
1059,257,24,2024-12-31,Maintenance,7421.81
1060,251,76,2023-10-27,Maintenance,7800.69
1061,835,14,2022-07-11,Repair,7570.95
1062,598,71,2024-01-25,Maintenance,10000.05
1063,761,66,2024-08-31,Repair,12442.05
1064,271,63,2023-04-15,Maintenance,14595.67
1065,973,64,2024-01-03,Repair,6739.68
1066,348,83,2024-07-06,Maintenance,6943.52
1067,1190,80,2023-12-19,Repair,11178.16
1068,865,38,2024-05-17,Repair,7987.19
1069,531,5,2024-06-22,Maintenance,4946.93
1070,420,55,2023-07-02,Maintenance,9038.73
1071,53,57,2022-05-09,Maintenance,11229.79
1072,264,8,2024-01-14,Inspection,3059.06
1073,102,30,2023-12-26,Repair,6317.67
1074,776,47,2023-10-31,Maintenance,16575.66
1075,1010,51,2024-09-05,Maintenance,7844.67
1076,610,100,2024-09-21,Maintenance,10407.55
1077,581,88,2023-11-05,Maintenance,22011.13
1078,430,80,2024-03-02,Inspection,7187.43
1079,262,82,2024-11-04,Maintenance,9017.70
1080,1090,94,2024-04-20,Repair,30693.94
1081,856,76,2024-10-30,Maintenance,4337.19
1082,625,35,2024-12-11,Maintenance,12597.56
1083,229,15,2024-11-18,Repair,8216.04
1084,448,49,2024-06-19,Repair,7203.96
1085,1002,42,2023-08-16,Maintenance,15312.01
1086,989,6,2024-11-20,Repair,11358.74
1087,305,56,2024-07-29,Maintenance,8968.73
1088,290,72,2023-09-27,Maintenance,6120.57
1089,799,35,2024-08-31,Maintenance,17844.94
1090,285,90,2024-12-16,Maintenance,8918.51
1091,676,74,2022-12-16,Maintenance,12503.04
1092,562,36,2023-10-26,Repair,6435.33
1093,320,45,2023-08-16,Maintenance,10822.51
1094,1188,21,2022-11-19,Repair,10009.92
1095,181,15,2024-10-27,Inspection,17080.51
1096,1044,86,2023-10-18,Maintenance,12345.96
1097,641,85,2024-09-19,Maintenance,15269.06
1098,196,70,2024-07-12,Maintenance,7405.32
1099,36,40,2023-05-02,Maintenance,7364.48
1100,647,77,2024-11-20,Repair,6913.54
1101,1184,2,2024-10-16,Maintenance,2038.38
1102,354,77,2024-03-19,Inspection,6293.53
1103,981,100,2024-11-27,Inspection,13016.84
1104,1138,34,2023-10-16,Maintenance,10105.81
1105,793,5,2023-12-02,Maintenance,7835.47
1106,971,9,2023-12-15,Maintenance,9962.53
1107,227,48,2024-10-05,Maintenance,6787.05
1108,686,9,2023-10-20,Maintenance,5944.33
1109,561,42,2024-11-09,Maintenance,14694.26
1110,719,10,2024-12-03,Maintenance,6921.36
1111,566,14,2024-07-26,Repair,15922.33
1112,286,72,2024-11-30,Repair,4720.27
1113,86,110,2023-05-08,Maintenance,12648.49
1114,1173,60,2024-08-21,Inspection,10248.15
1115,1151,16,2024-01-26,Maintenance,3122.56
1116,1065,5,2022-07-24,Maintenance,2284.01
1117,596,59,2023-08-02,Maintenance,11993.39
1118,426,13,2023-12-14,Maintenance,11648.23
1119,1014,40,2023-12-06,Maintenance,11722.71
1120,151,103,2023-02-01,Maintenance,15737.99
1121,587,36,2024-09-05,Repair,9936.92
1122,1137,13,2024-10-16,Inspection,7548.83
1123,627,51,2022-05-31,Maintenance,6425.07
1124,963,2,2024-01-18,Maintenance,2040.68
1125,378,50,2024-09-29,Repair,3094.62
1126,287,16,2023-10-23,Repair,4368.40
1127,562,47,2022-04-29,Maintenance,15619.62
1128,1071,125,2022-12-05,Maintenance,35282.28
1129,814,47,2024-02-21,Maintenance,16478.36
1130,890,54,2023-05-29,Maintenance,16974.45
1131,279,32,2024-02-28,Repair,11937.31
1132,561,40,2023-03-21,Repair,15070.37
1133,352,11,2024-02-23,Repair,5933.20
1134,336,103,2024-04-24,Repair,32454.88
1135,279,16,2023-05-04,Repair,2445.62
1136,774,38,2023-11-09,Repair,4700.11
1137,494,16,2024-01-06,Repair,7437.46
1138,36,36,2024-01-25,Inspection,5249.01
1139,1121,86,2023-05-03,Maintenance,14939.77
1140,348,23,2024-12-28,Maintenance,12863.04
1141,815,50,2024-11-29,Inspection,6534.17
1142,411,28,2024-12-13,Repair,2297.72
1143,21,122,2024-11-21,Maintenance,36176.23
1144,422,40,2024-08-31,Maintenance,16112.22
1145,301,106,2023-03-16,Repair,25391.95
1146,604,18,2024-12-16,Maintenance,17459.30
1147,643,71,2024-11-02,Maintenance,16969.58
1148,548,57,2024-05-08,Inspection,5602.43
1149,53,103,2023-06-25,Maintenance,36435.36
1150,1129,51,2023-10-07,Repair,10809.10
1151,807,112,2023-11-07,Inspection,20508.44
1152,139,37,2024-12-07,Maintenance,8655.43
1153,613,69,2024-06-08,Maintenance,5626.94
1154,4,12,2024-06-27,Maintenance,7857.45
1155,233,60,2023-10-17,Maintenance,4629.05
1156,94,36,2024-03-31,Maintenance,8525.13
1157,482,45,2022-11-20,Maintenance,16410.94
1158,975,45,2023-07-05,Maintenance,11524.95
1159,311,75,2023-05-06,Repair,13215.65
1160,1183,14,2023-03-11,Maintenance,5591.56
1161,444,86,2022-12-08,Maintenance,17264.94
1162,42,51,2024-10-03,Maintenance,4722.93
1163,457,32,2024-11-24,Inspection,14460.81
1164,433,14,2024-06-08,Maintenance,16335.78
1165,981,41,2024-09-24,Inspection,17061.97
1166,987,19,2024-01-09,Maintenance,14517.86
1167,265,60,2024-05-18,Maintenance,5464.82
1168,530,69,2023-10-07,Maintenance,4519.22
1169,880,49,2024-02-09,Maintenance,8145.64
1170,863,60,2023-08-28,Maintenance,5362.88
1171,1112,72,2022-03-21,Maintenance,3564.21
1172,26,5,2023-07-31,Repair,7531.33
1173,668,101,2024-07-01,Maintenance,8194.06
1174,191,15,2024-09-14,Maintenance,16470.52
1175,206,9,2024-05-13,Maintenance,4911.10
1176,938,42,2024-02-26,Repair,15465.98
1177,94,35,2024-01-14,Inspection,5528.47
1178,134,108,2024-01-25,Repair,23205.45
1179,211,82,2024-05-19,Repair,3645.32
1180,555,10,2024-07-13,Repair,5557.86
1181,1084,18,2024-01-20,Inspection,16650.60
1182,515,49,2022-08-30,Maintenance,10714.36
1183,240,25,2024-04-25,Maintenance,4914.11
1184,560,53,2024-05-03,Maintenance,4558.04
1185,563,57,2023-09-27,Maintenance,7377.41
1186,384,14,2024-03-12,Maintenance,8353.08
1187,186,71,2023-11-05,Inspection,13129.96
1188,970,63,2022-05-18,Maintenance,4244.80
1189,755,44,2023-09-06,Maintenance,4044.89
1190,944,44,2024-10-18,Repair,9006.65
1191,579,64,2022-12-22,Maintenance,15740.92
1192,986,6,2024-05-04,Repair,8743.34
1193,15,24,2024-08-03,Repair,4860.56
1194,790,50,2024-07-06,Inspection,3533.25
1195,390,30,2024-11-12,Repair,5510.83
1196,820,42,2023-01-10,Maintenance,5971.84
1197,326,67,2024-12-10,Maintenance,12255.87
1198,1023,108,2024-12-23,Repair,38659.51
1199,729,78,2024-08-21,Maintenance,5351.70
1200,184,62,2023-06-06,Maintenance,9891.33
1201,1082,71,2022-11-17,Maintenance,12710.14
1202,655,17,2023-04-01,Maintenance,2538.29
1203,156,30,2024-02-06,Repair,2413.17
1204,252,47,2023-11-15,Maintenance,14040.60
1205,621,37,2024-12-18,Repair,4570.11
1206,642,7,2022-11-11,Repair,3558.51
1207,21,63,2024-10-09,Repair,13047.88
1208,12,105,2024-03-08,Inspection,25993.36
1209,250,3,2024-03-20,Maintenance,7203.17
1210,1167,17,2024-03-09,Maintenance,4132.21
1211,1199,24,2024-08-22,Maintenance,10292.56
1212,604,98,2024-12-04,Repair,23694.49
1213,120,51,2022-07-03,Repair,9616.74
1214,946,3,2023-05-05,Repair,6560.98
1215,1186,80,2024-02-11,Maintenance,13523.97
1216,47,27,2023-07-08,Maintenance,3286.89
1217,282,49,2024-08-28,Maintenance,7558.32
1218,707,57,2024-11-15,Maintenance,5780.72
1219,1101,36,2023-05-28,Repair,10714.06
1220,410,75,2023-03-25,Repair,4896.92
1221,931,68,2023-02-06,Maintenance,9879.68
1222,868,113,2024-05-11,Maintenance,28490.25
1223,841,102,2023-11-27,Repair,19454.01
1224,109,9,2022-10-26,Maintenance,8980.16
1225,1163,8,2023-03-19,Repair,7340.93
1226,186,28,2024-12-15,Maintenance,3073.20
1227,277,32,2023-03-13,Repair,11776.82
1228,101,5,2023-07-10,Maintenance,3384.07
1229,241,82,2023-01-27,Repair,5376.74
1230,539,92,2024-06-11,Maintenance,16533.50
1231,365,45,2024-12-01,Maintenance,10168.27
1232,906,12,2024-11-18,Maintenance,5098.31
1233,365,75,2022-09-28,Repair,9918.04
1234,134,7,2024-09-19,Maintenance,3141.04
1235,231,46,2024-10-18,Maintenance,6906.73
1236,1015,61,2023-01-21,Repair,16269.42
1237,1129,61,2024-10-11,Repair,6803.55
1238,151,27,2023-12-31,Maintenance,4724.42
1239,329,47,2024-04-28,Maintenance,12820.04
1240,909,31,2024-03-18,Maintenance,4306.62
1241,189,76,2024-09-15,Maintenance,7869.31
1242,35,76,2023-12-26,Maintenance,5413.89
1243,113,63,2024-11-16,Repair,11344.54
1244,174,93,2024-08-13,Maintenance,25982.71
1245,804,9,2023-11-12,Repair,8934.95
1246,405,27,2023-02-25,Maintenance,2678.47
1247,122,45,2024-05-01,Inspection,16898.68
1248,606,25,2023-01-20,Inspection,3308.34
1249,400,62,2024-01-17,Maintenance,17479.10
1250,762,60,2024-03-10,Maintenance,10499.97
1251,293,3,2024-06-18,Repair,2402.17
1252,726,9,2023-04-27,Maintenance,5277.53
1253,163,30,2024-03-21,Maintenance,3741.08
1254,743,28,2023-04-23,Maintenance,2398.37
1255,1148,89,2023-12-02,Maintenance,26344.66
1256,212,65,2024-06-01,Inspection,14686.55
1257,151,51,2024-09-30,Repair,5985.67
1258,1168,36,2023-12-03,Repair,5355.70
1259,825,22,2023-09-05,Repair,13900.82
1260,151,50,2023-06-08,Maintenance,9851.41
1261,617,2,2024-01-13,Repair,5445.48
1262,650,36,2024-05-27,Repair,3019.19
1263,311,10,2024-08-18,Repair,7389.91
1264,75,35,2023-01-09,Inspection,13632.68
1265,298,34,2023-10-31,Inspection,6404.63
1266,19,24,2024-01-20,Maintenance,9203.85
1267,213,25,2024-08-27,Repair,5603.13
1268,636,3,2024-08-23,Maintenance,5774.62
1269,649,25,2024-03-30,Maintenance,6036.78
1270,14,83,2023-12-22,Maintenance,6476.99
1271,370,59,2023-05-26,Repair,8293.24
1272,157,36,2024-10-02,Repair,9903.26
1273,65,55,2022-05-24,Repair,12511.73
1274,729,10,2024-11-06,Maintenance,7455.72
1275,1060,68,2023-06-22,Maintenance,5047.22
1276,410,33,2022-08-10,Maintenance,5893.85
1277,710,101,2024-03-13,Maintenance,8054.53
1278,646,16,2024-09-26,Maintenance,7526.18
1279,906,78,2024-08-08,Repair,5209.83
1280,649,4,2023-10-25,Repair,3362.98
1281,456,7,2023-08-13,Inspection,5452.30
1282,1120,36,2023-08-10,Repair,11156.15
1283,651,108,2022-11-05,Maintenance,24100.88
1284,979,105,2022-08-24,Repair,28992.23
1285,314,27,2024-01-26,Repair,7283.08
1286,441,105,2022-10-07,Repair,19385.06
1287,94,26,2024-10-21,Maintenance,10945.95
1288,135,50,2024-12-09,Repair,3751.22
1289,1041,24,2024-08-22,Maintenance,4221.05
1290,7,68,2023-12-11,Maintenance,11161.20
1291,109,83,2024-10-11,Maintenance,14671.47
1292,783,63,2024-12-26,Maintenance,17629.32
1293,849,25,2024-07-28,Repair,4586.56
1294,790,30,2023-08-15,Repair,4599.30
1295,183,3,2024-09-25,Maintenance,2933.38
1296,87,118,2024-03-02,Repair,38289.43
1297,416,30,2022-11-01,Repair,5806.37
1298,203,61,2023-11-13,Maintenance,16119.21
1299,981,30,2023-10-30,Maintenance,4480.47
1300,1131,5,2024-07-04,Repair,7467.28
1301,6,102,2024-10-28,Maintenance,17116.84
1302,352,56,2024-04-20,Inspection,10734.86
1303,952,39,2024-07-22,Maintenance,15977.11
1304,14,60,2023-11-28,Maintenance,3042.90
1305,252,31,2023-06-18,Repair,12610.69
1306,204,73,2024-11-10,Inspection,15364.97
1307,992,38,2024-08-22,Inspection,2723.75
1308,921,27,2024-08-08,Repair,5240.41
1309,376,51,2023-06-15,Maintenance,4108.65
1310,1120,80,2024-01-02,Maintenance,12164.25
1311,171,95,2023-09-18,Repair,21399.40
1312,1040,56,2023-12-16,Maintenance,13949.71
1313,192,9,2024-12-29,Repair,11222.41
1314,532,29,2024-12-03,Repair,7282.01
1315,1090,48,2022-05-21,Inspection,11065.53
1316,517,6,2023-03-24,Repair,9331.09
1317,679,82,2024-02-02,Maintenance,10363.27
1318,259,2,2023-04-08,Maintenance,2147.10
1319,126,119,2023-12-28,Maintenance,19604.42
1320,397,83,2023-10-10,Maintenance,5950.14
1321,467,88,2024-08-20,Repair,14304.05
1322,678,82,2023-10-11,Repair,5018.78
1323,588,42,2023-09-18,Repair,5679.54
1324,852,64,2024-01-02,Maintenance,14379.59
1325,266,67,2024-02-28,Maintenance,10146.06
1326,729,51,2024-10-18,Maintenance,5212.78
1327,456,71,2023-06-30,Repair,12304.19
1328,321,75,2024-11-19,Maintenance,8264.26
1329,1077,44,2024-02-11,Maintenance,6771.35
1330,595,1,2023-06-27,Maintenance,3856.55
1331,1085,81,2024-12-06,Maintenance,5727.06
1332,954,21,2023-10-05,Repair,12262.35
1333,108,1,2024-02-13,Maintenance,3425.70
1334,519,37,2022-07-25,Maintenance,11695.97
1335,785,65,2024-05-08,Maintenance,7488.57
1336,90,28,2022-02-15,Inspection,6518.25
1337,131,41,2023-09-09,Inspection,7960.21
1338,457,83,2024-10-24,Repair,11818.29
1339,878,72,2023-04-20,Inspection,5899.16
1340,1140,46,2023-02-14,Maintenance,12286.64
1341,776,35,2023-06-23,Maintenance,11367.25
1342,397,93,2024-12-17,Inspection,28854.20
1343,189,72,2024-03-31,Repair,2083.68
1344,685,67,2023-05-10,Repair,7400.59
1345,1089,97,2024-09-21,Inspection,18707.28
1346,56,28,2023-08-22,Maintenance,7262.04
1347,1121,29,2022-12-27,Maintenance,3405.61
1348,310,81,2023-11-20,Maintenance,15023.22
1349,1169,46,2024-08-25,Maintenance,15282.80
1350,732,22,2023-07-17,Maintenance,5406.51
1351,175,84,2023-11-17,Inspection,11299.81
1352,1129,84,2023-10-12,Maintenance,11359.12
1353,882,13,2022-08-04,Maintenance,4638.99
1354,97,43,2024-01-26,Inspection,12873.86
1355,631,56,2024-09-20,Repair,14984.28
1356,1195,85,2023-08-31,Maintenance,8712.35
1357,197,45,2024-10-16,Maintenance,9532.97
1358,267,45,2024-09-06,Maintenance,10484.29
1359,690,52,2024-12-24,Maintenance,15065.00
1360,308,85,2024-10-14,Repair,17361.00
1361,837,79,2024-08-20,Maintenance,6132.77
1362,1080,17,2023-10-10,Repair,2010.05
1363,690,72,2024-12-02,Inspection,3293.43
1364,851,84,2024-08-01,Repair,12806.97
1365,1145,39,2024-12-20,Repair,7836.42
1366,51,77,2024-10-29,Maintenance,8298.31
1367,162,61,2023-06-13,Repair,12114.98
1368,740,15,2024-11-19,Maintenance,11363.36
1369,1133,49,2022-10-17,Repair,3935.93
1370,974,3,2023-06-04,Maintenance,3286.86
1371,232,85,2024-06-26,Repair,4058.17
1372,732,82,2024-07-02,Maintenance,5408.70
1373,343,82,2023-12-04,Maintenance,4219.37
1374,507,119,2024-11-08,Repair,17904.70
1375,989,90,2023-11-18,Maintenance,26370.99
1376,186,36,2023-12-19,Inspection,3501.77
1377,736,36,2023-10-08,Maintenance,4540.17
1378,679,46,2023-04-14,Maintenance,9652.40
1379,564,62,2022-07-18,Maintenance,17304.71
1380,292,37,2023-01-28,Maintenance,13811.64
1381,810,1,2022-07-23,Maintenance,6192.53
1382,315,60,2024-12-25,Maintenance,10359.75
1383,278,76,2024-07-09,Maintenance,5328.62
1384,671,56,2023-07-30,Maintenance,16917.30
1385,724,39,2023-12-16,Repair,16102.09
1386,61,15,2024-10-21,Inspection,6225.08
1387,16,49,2024-07-14,Inspection,9236.56
1388,148,40,2024-08-19,Maintenance,10405.71
1389,389,80,2022-11-30,Inspection,15510.52
1390,506,69,2024-04-03,Repair,6132.59
1391,789,65,2024-09-07,Maintenance,6684.69
1392,381,55,2024-03-24,Maintenance,6600.70
1393,294,28,2023-12-04,Maintenance,4526.18
1394,961,16,2023-01-03,Maintenance,6949.04
1395,318,58,2022-07-13,Maintenance,9849.08
1396,1141,79,2024-11-25,Maintenance,9663.86
1397,97,83,2024-01-29,Repair,17352.33
1398,799,67,2024-03-31,Maintenance,7036.53
1399,17,10,2022-09-25,Maintenance,7065.99
1400,490,31,2022-06-10,Maintenance,7927.96
1401,22,50,2023-06-30,Maintenance,10503.35
1402,740,27,2024-09-10,Inspection,4595.91
1403,399,29,2023-11-16,Maintenance,2223.65
1404,452,64,2022-05-03,Repair,16839.12
1405,591,25,2023-04-24,Maintenance,3612.00
1406,1140,26,2024-05-05,Maintenance,7734.11
1407,588,5,2024-09-01,Maintenance,7692.84
1408,108,25,2024-08-28,Inspection,9045.92
1409,923,52,2024-12-17,Maintenance,6593.03
1410,1089,68,2024-10-31,Maintenance,17067.17
1411,845,64,2024-06-16,Maintenance,7808.89
1412,451,52,2024-11-11,Maintenance,5231.01
1413,1019,5,2023-08-16,Maintenance,2983.14
1414,1188,54,2022-07-14,Maintenance,15096.25
1415,1062,49,2022-12-13,Maintenance,4467.33
1416,1115,58,2024-06-25,Maintenance,17334.57
1417,1113,83,2024-09-10,Maintenance,17453.07
1418,765,18,2023-09-04,Inspection,5580.57
1419,743,13,2023-07-18,Inspection,15730.81
1420,607,24,2023-11-12,Repair,5488.35
1421,500,31,2024-06-28,Inspection,14460.05
1422,997,14,2024-04-26,Repair,9465.76
1423,755,47,2023-03-27,Maintenance,15769.59
1424,57,7,2024-08-07,Inspection,3395.61
1425,762,10,2023-11-01,Maintenance,14871.95
1426,1031,60,2024-03-18,Maintenance,5240.97
1427,213,74,2023-08-29,Inspection,12314.13
1428,1017,110,2024-10-08,Maintenance,23589.65
1429,670,69,2023-11-01,Inspection,5437.38
1430,840,73,2024-10-28,Maintenance,15534.29
1431,800,50,2023-05-24,Maintenance,8370.24
1432,834,2,2023-02-13,Maintenance,4106.58
1433,914,82,2024-08-21,Repair,3510.77
1434,511,1,2023-12-15,Maintenance,7492.02
1435,325,6,2024-08-26,Repair,5311.31
1436,333,38,2024-01-15,Maintenance,2247.58
1437,1084,22,2023-08-09,Maintenance,6166.59
1438,1024,4,2024-09-13,Maintenance,5409.46
1439,224,1,2023-02-06,Repair,2175.43
1440,1018,71,2024-07-07,Maintenance,4404.21
1441,849,8,2023-03-16,Inspection,3675.41
1442,291,21,2023-03-21,Maintenance,16476.35
1443,768,112,2024-10-13,Maintenance,37568.25
1444,1122,60,2023-11-16,Repair,4676.13
1445,283,104,2024-12-11,Maintenance,21394.25
1446,932,59,2024-12-22,Repair,10813.95
1447,240,65,2023-08-06,Maintenance,8823.22
1448,438,48,2024-06-22,Maintenance,15502.18
1449,1199,7,2023-12-22,Repair,5406.92
1450,803,79,2022-09-10,Maintenance,8552.30
1451,329,91,2023-08-26,Maintenance,13874.87
1452,1168,31,2024-05-21,Repair,11710.75
1453,523,33,2023-03-25,Inspection,4951.44
1454,270,54,2024-05-26,Maintenance,8208.06
1455,885,62,2024-02-22,Maintenance,5082.88
1456,179,72,2024-05-27,Maintenance,6656.34
1457,221,61,2024-06-30,Inspection,16248.40
1458,427,57,2024-11-12,Maintenance,13346.65
1459,33,23,2024-10-09,Maintenance,13840.66
1460,141,37,2024-12-02,Repair,15520.96
1461,726,38,2023-05-23,Repair,6327.38
1462,744,42,2024-05-18,Repair,4891.52
1463,192,32,2024-11-17,Maintenance,12800.77
1464,762,54,2024-11-26,Repair,14482.27
1465,855,47,2023-12-13,Maintenance,16890.16
1466,636,50,2022-05-26,Maintenance,3922.36
1467,551,74,2023-07-05,Maintenance,12597.16
1468,704,28,2024-04-18,Maintenance,2989.76
1469,352,82,2022-11-10,Maintenance,6472.59
1470,1084,82,2024-01-21,Inspection,8409.87
1471,11,80,2023-04-04,Inspection,5606.42
1472,546,6,2024-09-06,Repair,10183.00
1473,704,15,2023-11-11,Maintenance,11006.81
1474,311,17,2024-06-13,Maintenance,2191.25
1475,49,79,2023-12-05,Maintenance,5995.80
1476,169,33,2023-01-07,Maintenance,7032.34
1477,64,3,2024-01-26,Repair,5974.63
1478,443,83,2024-08-12,Repair,9463.18
1479,275,33,2024-06-27,Maintenance,12975.89
1480,778,77,2024-04-12,Maintenance,7475.25
1481,649,80,2024-07-17,Inspection,11146.65
1482,742,51,2023-03-04,Inspection,4706.03
1483,662,34,2024-10-17,Maintenance,15890.48
1484,331,77,2024-11-16,Inspection,9536.44
1485,745,6,2024-03-26,Maintenance,4785.93
1486,450,21,2024-01-21,Maintenance,14086.98
1487,912,58,2024-05-02,Maintenance,10995.80
1488,56,36,2024-05-15,Inspection,11728.80
1489,1183,72,2023-08-28,Maintenance,6123.99
1490,98,23,2024-05-25,Maintenance,7439.34
1491,247,15,2024-05-29,Repair,5937.43
1492,602,90,2023-09-22,Maintenance,39607.09
1493,972,25,2024-11-02,Maintenance,3288.44
1494,979,71,2023-04-17,Maintenance,6312.38
1495,837,10,2024-10-07,Inspection,10328.32
1496,1066,77,2023-06-29,Maintenance,4850.78
1497,654,113,2022-03-09,Maintenance,17182.05
1498,437,37,2023-12-21,Repair,10547.84
1499,402,39,2023-12-11,Maintenance,12901.52
1500,154,83,2024-05-08,Repair,17781.33
1501,605,108,2024-07-11,Repair,30888.02
1502,962,82,2023-04-12,Maintenance,7842.56
1503,154,74,2024-06-13,Maintenance,12435.20
1504,1108,20,2024-09-10,Repair,16761.45
1505,349,29,2023-04-16,Maintenance,3010.41
1506,382,76,2022-10-13,Maintenance,2765.64
1507,978,67,2024-07-18,Maintenance,4818.91
1508,243,71,2024-12-16,Maintenance,14074.92
1509,510,39,2023-05-30,Inspection,15453.64
1510,217,54,2023-12-08,Maintenance,17492.74
1511,850,4,2023-11-18,Maintenance,6160.19
1512,132,84,2024-04-18,Repair,13432.86
1513,476,50,2024-11-09,Maintenance,8412.48
1514,1154,61,2024-12-15,Maintenance,9983.94
1515,1065,25,2022-09-12,Maintenance,10202.85
1516,436,29,2024-11-04,Maintenance,5020.55
1517,1066,8,2023-11-12,Maintenance,4841.26
1518,339,55,2023-10-08,Maintenance,9444.17
1519,1147,1,2024-02-01,Repair,6687.47
1520,597,119,2024-05-05,Repair,15981.37
1521,844,105,2024-06-07,Inspection,9339.41
1522,158,64,2022-11-06,Maintenance,13565.80
1523,283,45,2023-08-12,Repair,13269.26
1524,18,24,2023-07-07,Maintenance,10093.87
1525,547,3,2023-07-25,Inspection,7926.96
1526,1000,2,2023-01-30,Repair,7232.09
1527,221,2,2024-03-01,Repair,6498.80
1528,98,33,2024-09-22,Maintenance,9368.74
1529,774,57,2023-07-27,Maintenance,9361.61
1530,940,1,2023-01-27,Maintenance,7179.98
1531,299,51,2024-10-19,Maintenance,8087.34
1532,1176,55,2023-03-09,Maintenance,15067.63
1533,567,82,2024-03-13,Maintenance,8666.28
1534,439,82,2024-05-14,Maintenance,4645.28
1535,791,1,2024-02-20,Maintenance,4090.31
1536,1007,41,2022-07-28,Maintenance,17541.66
1537,1087,53,2022-05-20,Inspection,6169.98
1538,961,17,2022-09-23,Maintenance,7662.37
1539,861,65,2023-11-12,Maintenance,8196.93
1540,1113,51,2024-09-13,Maintenance,11391.33
1541,699,9,2023-09-11,Repair,7545.25
1542,405,1,2024-11-07,Repair,6560.25
1543,1043,51,2024-07-06,Maintenance,9584.97
1544,993,33,2024-08-01,Maintenance,6666.68
1545,660,76,2024-08-29,Repair,4885.28
1546,1158,21,2024-11-08,Inspection,14089.49
1547,293,9,2024-05-27,Maintenance,7236.43
1548,726,60,2023-08-24,Inspection,6933.81
1549,873,13,2022-04-26,Repair,8920.95
1550,1001,19,2024-12-23,Inspection,6277.50
1551,698,75,2023-04-17,Maintenance,12756.95
1552,1111,118,2024-11-24,Repair,9794.96
1553,609,110,2024-10-26,Repair,18241.01
1554,520,68,2024-12-03,Repair,4264.10
1555,523,49,2023-10-17,Maintenance,11522.39
1556,334,16,2024-12-10,Maintenance,2814.88
1557,493,67,2024-07-06,Maintenance,7844.62
1558,344,65,2024-11-11,Repair,13346.75
1559,1064,72,2024-04-12,Maintenance,7435.00
1560,1028,59,2023-12-31,Repair,7160.78
1561,595,40,2023-09-08,Repair,10579.10
1562,388,51,2024-11-12,Repair,3425.01
1563,603,2,2023-09-30,Maintenance,6345.68
1564,356,69,2024-07-03,Repair,5762.13
1565,1121,30,2023-03-20,Maintenance,4882.98
1566,471,82,2024-01-10,Maintenance,8527.35
1567,399,6,2023-06-16,Repair,6902.90
1568,464,29,2024-04-30,Maintenance,7044.72
1569,351,59,2022-10-20,Maintenance,5815.28
1570,723,54,2024-02-12,Maintenance,8259.10
1571,27,33,2023-07-14,Maintenance,8504.86
1572,927,26,2022-08-29,Inspection,12095.55
1573,29,62,2024-07-25,Inspection,5322.24
1574,264,69,2024-05-07,Maintenance,5272.83
1575,712,49,2024-09-26,Maintenance,11634.53
1576,131,22,2023-11-09,Repair,15329.00
1577,1048,49,2023-07-14,Repair,4783.35
1578,925,67,2024-09-01,Maintenance,12769.49
1579,872,36,2023-12-16,Repair,10710.70
1580,65,42,2024-10-02,Repair,17734.17
1581,942,9,2024-12-20,Maintenance,11127.83
1582,9,22,2024-12-19,Maintenance,17169.99
1583,140,31,2023-04-08,Repair,12161.24
1584,42,72,2022-08-25,Inspection,2533.61
1585,225,69,2024-07-11,Maintenance,2715.24
1586,869,24,2023-03-23,Inspection,7422.95
1587,298,51,2024-03-02,Maintenance,9811.72
1588,87,3,2024-05-10,Maintenance,2034.59
1589,947,1,2024-10-16,Maintenance,3365.97
1590,175,68,2024-01-25,Maintenance,7868.01
1591,996,34,2022-10-25,Repair,14172.97
1592,684,78,2024-07-26,Maintenance,5525.20
1593,110,14,2024-04-27,Repair,14750.05
1594,888,25,2024-12-10,Maintenance,11555.15
1595,178,60,2024-05-15,Inspection,10936.85
1596,222,77,2023-10-27,Maintenance,9194.53
1597,40,26,2024-01-23,Inspection,17216.15
1598,232,6,2023-09-07,Maintenance,7152.47
1599,93,70,2024-02-15,Maintenance,4209.09
1600,1114,32,2024-11-14,Maintenance,5838.25
1601,1122,9,2024-09-08,Maintenance,10229.55
1602,181,14,2023-12-14,Maintenance,9760.00
1603,824,77,2024-06-13,Inspection,9558.36
1604,115,68,2024-09-30,Maintenance,11033.11
1605,713,44,2023-09-11,Maintenance,16671.67
1606,901,113,2024-03-26,Maintenance,22397.41
1607,936,52,2023-10-04,Maintenance,6995.17
1608,808,53,2023-09-26,Repair,6889.78
1609,590,16,2024-06-08,Repair,7405.29
1610,572,36,2022-07-26,Inspection,9470.07
1611,675,56,2024-09-19,Maintenance,10283.16
1612,169,60,2024-09-27,Inspection,5353.66
1613,1156,29,2023-03-24,Repair,4759.46
1614,304,16,2022-11-16,Repair,3993.62
1615,214,62,2023-12-02,Maintenance,11110.85
1616,341,96,2024-09-17,Maintenance,19088.53
1617,1137,25,2023-01-08,Maintenance,7837.32
1618,243,12,2024-12-01,Maintenance,12149.56
1619,235,68,2024-12-22,Maintenance,4142.16
1620,1098,3,2023-06-25,Maintenance,3349.09
1621,821,9,2024-10-29,Maintenance,10650.54
1622,1050,37,2024-01-21,Maintenance,10831.87
1623,1140,75,2023-04-29,Maintenance,11398.04
1624,407,44,2024-02-12,Maintenance,9914.91
1625,569,102,2023-04-12,Maintenance,12520.84
1626,113,97,2024-01-14,Repair,27419.38
1627,34,55,2022-09-02,Repair,13986.84
1628,267,43,2024-03-23,Maintenance,4866.12
1629,149,19,2024-03-17,Repair,7748.69
1630,775,61,2024-06-20,Repair,16466.12
1631,1066,57,2024-11-18,Inspection,17682.38
1632,426,16,2023-07-06,Inspection,5495.73
1633,858,2,2022-10-09,Inspection,4308.73
1634,580,37,2023-09-22,Inspection,10754.65
1635,402,103,2023-11-26,Maintenance,19054.42
1636,541,24,2023-12-21,Inspection,11402.44
1637,55,9,2024-07-19,Maintenance,9795.42
1638,723,50,2024-03-30,Repair,9212.29
1639,218,72,2023-09-18,Maintenance,5053.83
1640,637,53,2024-01-20,Maintenance,3953.45
1641,830,10,2022-06-02,Inspection,5226.84
1642,61,36,2024-04-17,Repair,6535.50
1643,514,85,2024-09-27,Maintenance,13501.29
1644,161,18,2023-04-26,Maintenance,8325.13
1645,537,17,2023-11-06,Inspection,3648.24
1646,1185,40,2024-07-07,Maintenance,4343.09
1647,993,26,2024-05-13,Maintenance,5062.55
1648,633,50,2023-03-19,Maintenance,8409.45
1649,1093,45,2023-08-15,Repair,16659.29
1650,829,91,2022-09-10,Repair,27783.43
1651,622,47,2024-12-18,Inspection,16658.42
1652,894,101,2023-10-13,Maintenance,23105.55
1653,564,59,2022-09-04,Maintenance,6215.24
1654,993,77,2024-01-03,Inspection,10729.42
1655,572,74,2022-11-22,Maintenance,15455.31
1656,359,16,2023-11-15,Inspection,4570.98
1657,1119,19,2023-05-09,Inspection,16079.45
1658,966,61,2024-03-23,Repair,14770.21
1659,783,1,2024-05-24,Repair,3433.93
1660,1012,8,2024-09-13,Maintenance,2695.63
1661,289,55,2024-10-26,Maintenance,13547.79
1662,910,3,2023-08-23,Maintenance,5677.64
1663,674,82,2023-04-11,Maintenance,5240.15
1664,263,9,2024-03-20,Repair,6885.93
1665,546,73,2022-10-12,Maintenance,17742.55
1666,772,71,2022-03-10,Maintenance,5449.42
1667,169,15,2024-04-28,Maintenance,11708.56
1668,1012,58,2024-09-14,Repair,13107.38
1669,125,60,2024-01-15,Maintenance,3870.81
1670,760,77,2024-10-07,Repair,7708.66
1671,1029,70,2024-05-23,Maintenance,10148.93
1672,473,7,2024-10-15,Inspection,7748.01
1673,386,38,2023-01-29,Maintenance,7224.28
1674,585,82,2023-06-21,Repair,5262.36
1675,320,24,2024-10-20,Maintenance,11472.58
1676,957,49,2024-02-16,Repair,5323.48
1677,33,48,2024-12-01,Maintenance,7823.24
1678,563,53,2024-06-09,Maintenance,2201.78
1679,574,29,2024-02-11,Repair,3480.34
1680,322,36,2024-08-20,Maintenance,5087.44
1681,1084,29,2023-02-08,Inspection,6520.96
1682,1010,81,2024-03-05,Maintenance,14037.98
1683,882,67,2024-08-03,Repair,9991.11
1684,461,82,2023-05-17,Repair,6859.20
1685,1054,27,2022-12-13,Maintenance,4691.58
1686,365,36,2024-11-05,Repair,7661.94
1687,1034,49,2023-04-12,Inspection,10843.50
1688,105,38,2024-01-14,Repair,2307.99
1689,446,56,2023-09-17,Repair,10635.04
1690,1083,63,2024-09-02,Maintenance,6554.30
1691,1073,20,2024-03-10,Repair,5610.25
1692,798,26,2024-10-06,Maintenance,10875.60
1693,1053,7,2024-05-13,Inspection,5486.27
1694,714,3,2023-02-05,Repair,6035.40
1695,1039,76,2023-11-18,Maintenance,7025.15
1696,667,101,2023-09-13,Maintenance,30121.64
1697,843,96,2023-06-16,Maintenance,15425.03
1698,457,60,2023-03-04,Inspection,7210.06
1699,628,69,2024-10-27,Maintenance,4944.31
1700,184,30,2023-09-25,Maintenance,3762.12
1701,784,59,2024-12-16,Maintenance,12062.66
1702,1153,19,2024-03-26,Repair,6615.01
1703,594,50,2023-04-24,Repair,8152.84
1704,481,104,2024-04-03,Maintenance,11506.95
1705,759,2,2024-06-06,Maintenance,6996.94
1706,524,33,2024-09-14,Repair,8814.80
1707,868,21,2023-10-02,Maintenance,9965.03
1708,800,31,2023-12-16,Maintenance,13781.09
1709,781,67,2024-08-31,Maintenance,5041.71
1710,550,97,2024-12-23,Maintenance,36714.66
1711,170,15,2023-10-18,Maintenance,16173.54
1712,182,53,2024-04-30,Maintenance,2500.77
1713,569,25,2023-08-08,Maintenance,5004.96
1714,961,19,2024-03-26,Inspection,6513.56
1715,323,28,2024-05-19,Maintenance,4237.12
1716,526,120,2024-10-10,Maintenance,34176.87
1717,533,103,2024-05-17,Repair,22920.91
1718,1164,28,2023-02-20,Repair,7409.31
1719,237,72,2024-11-14,Maintenance,4028.03
1720,402,19,2024-07-04,Repair,13939.51
1721,665,41,2023-05-20,Maintenance,7258.87
1722,905,60,2022-11-04,Maintenance,3793.73
1723,708,87,2024-05-23,Maintenance,30398.24
1724,521,4,2024-08-07,Repair,4459.15
1725,130,17,2023-12-27,Repair,4306.63
1726,803,122,2024-08-22,Maintenance,10569.36
1727,668,67,2024-10-06,Repair,12109.85
1728,524,41,2023-11-21,Repair,10301.86
1729,1038,25,2023-11-23,Maintenance,11126.97
1730,313,99,2023-07-13,Maintenance,30838.58
1731,1121,99,2022-11-01,Inspection,17076.15
1732,292,2,2024-06-21,Inspection,2200.76
1733,1047,49,2024-05-05,Maintenance,3840.48
1734,586,26,2024-12-29,Inspection,16532.16
1735,877,77,2024-06-19,Maintenance,6463.20
1736,993,84,2024-11-08,Repair,4674.58
1737,184,1,2024-01-19,Inspection,3668.53
1738,1186,30,2024-06-12,Repair,5451.35
1739,781,43,2023-09-30,Repair,15262.22
1740,948,84,2023-01-03,Maintenance,8594.25
1741,480,36,2024-11-17,Maintenance,9415.17
1742,779,15,2024-02-22,Maintenance,15791.32
1743,466,82,2024-08-15,Maintenance,8082.30
1744,872,51,2024-11-27,Maintenance,10137.44
1745,748,56,2024-12-24,Repair,10565.46
1746,1035,71,2024-11-18,Maintenance,6461.71
1747,607,12,2024-09-17,Maintenance,4320.30
1748,331,38,2024-04-18,Repair,6310.15
1749,122,60,2024-10-15,Repair,8821.41
1750,472,53,2024-12-25,Maintenance,7296.18
1751,991,48,2024-12-30,Maintenance,7725.23
1752,534,51,2024-08-05,Maintenance,10168.20
1753,528,5,2024-11-10,Inspection,5649.60
1754,387,9,2023-10-15,Maintenance,5684.33
1755,925,81,2024-07-23,Maintenance,17695.08
1756,373,30,2023-01-28,Maintenance,7122.56
1757,789,90,2023-12-13,Repair,36109.97
1758,868,79,2023-09-16,Maintenance,8143.18
1759,62,43,2023-12-14,Maintenance,9894.05
1760,575,83,2024-11-14,Maintenance,17312.25
1761,983,80,2024-08-24,Repair,16609.50
1762,315,55,2024-03-11,Maintenance,15855.90
1763,1131,16,2022-10-02,Maintenance,6598.11
1764,523,55,2022-07-12,Maintenance,16630.92
1765,1075,5,2023-09-01,Maintenance,2350.34
1766,207,25,2024-10-27,Repair,3383.59
1767,638,13,2022-09-01,Maintenance,17885.13
1768,1197,38,2024-07-15,Repair,7139.27
1769,553,50,2024-04-15,Repair,11976.49
1770,865,38,2023-10-30,Maintenance,2404.01
1771,1002,38,2022-07-25,Repair,5934.11
1772,1077,114,2023-03-07,Repair,39593.36
1773,442,8,2024-10-10,Maintenance,2795.70
1774,377,28,2024-08-16,Repair,3652.47
1775,613,39,2022-02-22,Maintenance,5314.48
1776,834,9,2024-08-24,Repair,6632.47
1777,808,38,2023-05-05,Inspection,7630.36
1778,130,41,2023-10-08,Maintenance,14873.08
1779,891,85,2022-12-06,Repair,8027.65
1780,1101,5,2024-07-10,Maintenance,7707.44
1781,661,44,2023-05-05,Repair,12561.34
1782,569,5,2023-06-09,Repair,6548.95
1783,494,56,2023-06-12,Maintenance,5339.13
1784,1074,15,2024-08-28,Maintenance,16303.42
1785,416,36,2024-12-31,Maintenance,9058.69
1786,278,109,2022-07-30,Repair,25431.56
1787,86,98,2023-09-10,Repair,28845.35
1788,682,14,2024-01-23,Inspection,7726.14
1789,537,54,2024-10-27,Maintenance,9435.10
1790,666,8,2023-08-12,Maintenance,2619.58
1791,161,5,2022-05-24,Repair,7851.04
1792,78,19,2024-09-30,Maintenance,8823.13
1793,705,1,2022-06-01,Inspection,3109.49
1794,213,53,2023-10-18,Maintenance,4310.34
1795,197,98,2024-01-04,Inspection,33954.93
1796,530,22,2023-07-11,Repair,8434.25
1797,309,85,2022-04-27,Maintenance,17626.44
1798,334,46,2024-03-14,Maintenance,7593.29
1799,22,71,2024-06-27,Maintenance,14187.74
1800,112,75,2024-09-24,Inspection,7438.22
1801,485,4,2023-01-12,Inspection,6595.88
1802,796,28,2024-03-08,Maintenance,2280.91
1803,455,46,2024-08-12,Maintenance,13940.93
1804,252,76,2024-07-08,Maintenance,4833.06
1805,299,72,2023-02-18,Maintenance,7435.04
1806,290,8,2023-01-16,Maintenance,5172.83
1807,490,11,2023-10-17,Maintenance,9728.99
1808,763,51,2024-12-27,Maintenance,5806.82
1809,4,96,2024-10-03,Maintenance,16201.97
1810,792,22,2024-11-25,Maintenance,8794.98
1811,982,36,2022-05-17,Inspection,6655.89
1812,867,51,2024-12-01,Maintenance,4084.89
1813,1090,8,2023-08-15,Maintenance,5806.12
1814,898,79,2024-04-24,Maintenance,7727.32
1815,421,80,2024-12-26,Maintenance,17588.96
1816,916,23,2023-05-21,Maintenance,10488.56
1817,1159,50,2024-04-18,Repair,3577.94
1818,539,15,2024-05-08,Repair,11491.05
1819,9,36,2024-08-01,Maintenance,11476.43
1820,167,29,2023-05-11,Maintenance,6438.73
1821,888,122,2024-09-15,Maintenance,22127.70
1822,1026,80,2023-10-29,Maintenance,16049.97
1823,557,53,2024-08-18,Repair,7117.62
1824,462,60,2023-05-06,Repair,9429.80
1825,325,99,2023-12-23,Repair,27179.98
1826,659,22,2024-06-30,Inspection,11902.05
1827,1011,73,2024-02-20,Inspection,14126.98
1828,165,64,2024-12-19,Maintenance,12939.88
1829,1167,49,2022-07-18,Maintenance,4070.70
1830,249,34,2023-12-30,Repair,17568.59
1831,775,79,2023-12-07,Repair,7225.31
1832,369,115,2024-12-07,Maintenance,17912.37
1833,954,39,2024-01-25,Inspection,9733.49
1834,102,17,2024-05-06,Maintenance,4057.72
1835,280,17,2024-08-22,Maintenance,3464.67
1836,87,36,2024-07-12,Maintenance,3803.33
1837,59,72,2024-10-13,Inspection,3781.53
1838,394,5,2024-12-30,Repair,4147.35
1839,720,72,2024-03-01,Repair,5395.28
1840,396,23,2022-12-09,Maintenance,6308.89
1841,378,81,2023-09-14,Maintenance,16818.36
1842,214,30,2024-12-08,Repair,5284.92
1843,268,38,2024-08-10,Maintenance,6102.07
1844,179,63,2024-10-04,Maintenance,7099.36
1845,320,46,2023-11-11,Maintenance,15607.92
1846,925,73,2022-09-26,Repair,7043.41
1847,230,89,2023-10-23,Repair,15095.92
1848,908,36,2024-02-14,Maintenance,5003.88
1849,766,79,2024-05-08,Inspection,5685.98
1850,367,3,2024-02-11,Maintenance,3100.87
1851,284,34,2024-05-29,Inspection,14564.92
1852,289,29,2024-08-10,Maintenance,3362.59
1853,148,82,2024-11-14,Maintenance,10008.85
1854,254,83,2024-05-08,Maintenance,6157.83
1855,1029,10,2023-07-14,Inspection,15429.55
1856,113,7,2023-09-16,Inspection,5017.36
1857,1087,123,2022-11-18,Maintenance,34443.33
1858,1051,71,2024-09-16,Inspection,11076.15
1859,1100,1,2024-04-03,Maintenance,4043.10
1860,845,37,2024-08-09,Maintenance,4447.85
1861,312,74,2024-06-01,Repair,7564.20
1862,991,25,2024-01-12,Maintenance,7144.53
1863,309,34,2024-04-10,Repair,4409.77
1864,961,27,2024-09-25,Maintenance,7319.22
1865,140,32,2024-02-23,Inspection,10631.60
1866,204,15,2024-09-07,Inspection,11109.44
1867,394,124,2024-05-02,Maintenance,35657.00
1868,457,37,2024-09-19,Maintenance,11317.99
1869,247,36,2023-11-21,Inspection,5342.50
1870,667,80,2024-03-21,Maintenance,15407.25
1871,961,14,2023-05-22,Maintenance,9608.15
1872,902,4,2024-08-15,Repair,5791.31
1873,469,45,2023-09-22,Maintenance,8314.14
1874,85,70,2024-04-16,Repair,14929.76
1875,1031,66,2023-09-12,Maintenance,16652.91
1876,14,56,2023-08-11,Repair,16311.79
1877,202,84,2023-07-13,Maintenance,10067.95
1878,1172,35,2024-11-15,Maintenance,9251.04
1879,9,83,2024-03-29,Repair,10205.88
1880,15,50,2023-07-02,Maintenance,9353.14
1881,317,119,2023-12-08,Maintenance,19888.85
1882,649,51,2022-08-29,Maintenance,7445.34
1883,117,40,2024-10-25,Maintenance,7820.33
1884,1002,3,2022-04-26,Repair,2491.31
1885,39,81,2024-10-27,Maintenance,13710.77
1886,56,78,2023-06-21,Maintenance,4745.17
1887,308,12,2024-12-02,Repair,10347.04
1888,1180,70,2023-11-05,Repair,8386.41
1889,923,18,2024-11-16,Inspection,7837.28
1890,398,72,2023-03-14,Repair,2406.43
1891,1093,82,2024-02-10,Repair,10702.57
1892,85,56,2023-12-30,Maintenance,4604.80
1893,660,66,2024-10-17,Maintenance,7769.15
1894,291,36,2023-01-15,Maintenance,4606.18
1895,1031,13,2023-11-25,Maintenance,16291.12
1896,735,67,2024-02-15,Maintenance,10109.22
1897,429,86,2024-04-05,Maintenance,13576.18
1898,77,16,2022-10-18,Maintenance,5139.40
1899,363,118,2024-06-10,Inspection,15706.56
1900,127,35,2024-05-14,Repair,10152.54
1901,21,12,2024-08-02,Repair,16510.02
1902,895,56,2024-01-06,Maintenance,15998.12
1903,762,5,2024-09-19,Maintenance,2011.56
1904,1007,26,2023-09-15,Maintenance,13226.30
1905,494,103,2024-02-23,Repair,36012.08
1906,1126,52,2024-12-17,Repair,8008.84
1907,171,16,2023-12-22,Maintenance,3000.43
1908,789,47,2023-04-08,Inspection,14783.85
1909,1034,60,2023-03-17,Repair,9147.01
1910,551,23,2024-03-11,Maintenance,4119.88
1911,768,59,2022-10-22,Maintenance,9907.07
1912,471,5,2022-10-07,Repair,3020.24
1913,777,18,2024-08-05,Maintenance,6867.17
1914,685,83,2023-02-20,Maintenance,16671.62
1915,426,51,2023-08-15,Repair,5331.40
1916,56,30,2023-06-11,Maintenance,5337.18
1917,1013,60,2024-03-19,Maintenance,9024.30
1918,1158,8,2022-10-08,Repair,7636.62
1919,1118,50,2022-09-16,Maintenance,8103.66
1920,1013,4,2024-11-18,Maintenance,2880.24
1921,629,25,2024-01-01,Inspection,9235.71
1922,213,17,2024-07-04,Maintenance,6952.44
1923,1093,21,2023-12-10,Repair,4717.79
1924,172,125,2024-09-18,Maintenance,39709.62
1925,188,22,2023-03-01,Maintenance,12586.41
1926,992,8,2024-05-24,Maintenance,7158.05
1927,815,57,2022-12-27,Maintenance,10131.26
1928,293,21,2024-12-13,Repair,16664.48
1929,686,6,2023-05-29,Repair,11558.18
1930,95,50,2024-06-09,Maintenance,6270.86
1931,972,60,2024-11-17,Inspection,11594.73
1932,830,32,2023-04-30,Repair,17941.47
1933,762,2,2023-09-03,Repair,6340.20
1934,286,13,2024-01-06,Maintenance,14239.69
1935,887,9,2024-01-24,Maintenance,9645.18
1936,590,2,2024-05-25,Maintenance,4404.89
1937,894,61,2024-07-27,Maintenance,6215.82
1938,47,75,2023-12-26,Maintenance,5621.78
1939,1125,48,2024-06-09,Repair,10662.70
1940,367,53,2024-04-05,Maintenance,3997.66
1941,44,37,2023-09-22,Repair,5566.34
1942,567,39,2023-11-26,Maintenance,12467.93
1943,195,12,2024-09-23,Maintenance,17288.75
1944,1190,55,2023-12-08,Inspection,14339.69
1945,358,1,2024-10-15,Repair,3718.20
1946,1070,1,2023-09-23,Maintenance,3346.14
1947,882,116,2022-09-27,Maintenance,30619.46
1948,179,98,2024-08-17,Maintenance,9752.73
1949,837,85,2024-01-11,Repair,9168.48
1950,382,16,2023-09-07,Maintenance,2655.99
1951,719,11,2024-10-23,Maintenance,11208.04
1952,997,76,2024-11-04,Maintenance,5390.91
1953,767,82,2022-11-14,Maintenance,4198.56
1954,962,64,2023-12-08,Repair,11307.15
1955,427,77,2024-06-18,Maintenance,6775.95
1956,507,50,2024-10-10,Maintenance,11195.82
1957,485,58,2023-02-15,Inspection,12103.20
1958,1093,54,2022-09-17,Maintenance,9317.51
1959,500,85,2023-08-30,Maintenance,7837.17
1960,111,29,2023-01-03,Repair,4058.29
1961,1107,23,2023-12-28,Maintenance,10431.23
1962,341,56,2023-03-12,Maintenance,5898.00
1963,676,25,2022-05-18,Repair,8765.86
1964,20,97,2024-11-24,Maintenance,34604.74
1965,654,29,2022-12-24,Maintenance,7758.15
1966,888,9,2024-10-25,Repair,3610.09
1967,371,25,2023-12-31,Repair,7158.11
1968,926,48,2023-10-16,Maintenance,10526.22
1969,1037,46,2023-08-26,Maintenance,13834.37
1970,1118,107,2024-02-29,Inspection,17166.02
1971,738,80,2023-04-24,Maintenance,13054.28
1972,910,63,2024-10-15,Maintenance,9979.39
1973,125,45,2024-12-01,Repair,5761.58
1974,112,54,2024-11-22,Repair,14759.37
1975,665,77,2023-01-22,Inspection,11905.37
1976,111,1,2022-11-04,Repair,7097.87
1977,764,19,2024-12-31,Maintenance,15644.77
1978,621,31,2024-06-22,Maintenance,4989.77
1979,440,74,2022-04-26,Repair,6567.92
1980,968,72,2023-09-07,Maintenance,3385.30
1981,721,17,2024-04-07,Maintenance,4214.92
1982,925,37,2023-09-04,Inspection,17260.80
1983,1043,55,2024-10-16,Maintenance,6445.72
1984,454,83,2024-12-21,Maintenance,10435.98
1985,840,11,2024-07-25,Inspection,11812.76
1986,1010,61,2024-03-02,Repair,4080.38
1987,1122,69,2024-06-16,Maintenance,5191.26
1988,696,30,2023-01-27,Maintenance,2785.47
1989,155,120,2024-02-25,Maintenance,32685.99
1990,1071,23,2024-04-09,Inspection,6466.51
1991,1183,111,2023-04-21,Maintenance,37262.22
1992,130,38,2024-07-26,Repair,3037.90
1993,271,28,2024-09-20,Maintenance,2613.00
1994,185,38,2022-09-07,Maintenance,6636.60
1995,960,51,2024-07-03,Repair,7869.99
1996,1058,82,2022-11-02,Inspection,6193.52
1997,233,17,2024-03-12,Repair,5375.08
1998,850,56,2024-12-20,Maintenance,6148.75
1999,768,111,2024-05-17,Maintenance,33556.66
2000,487,11,2023-03-21,Inspection,10862.72
